ID_dataset;Complete Name;Nom;Prenoms;sex or gender;spla.pro;Ile_en_Ile;date of birth;YEAR birth;place of birth;country_birth;date of death;year death;place of death;country_death;country of citizenship;occupation;languages;ORCID iD;Wiki_ID;ISNI;VIAF;Date_birth_in_bio;DELETE
AU;Accilien Cécile;Accilien;Cécile;female;cecile-accilien.22014;;;;;;;;;;"United States of America;Haiti";researcher;English;;;0000 0000 7103 8269;121070806;;1
AU;Accilien Selmy;Accilien;Selmy;male;;;24/12/1992;1992;Gonaïves;Haiti;;;;;Haiti;"poet;writer";Haitian Creole;;Q61108056;0000 0004 5970 9209;1,07E+20;;
AU;Adodo Marie Ketline;Adodo;Marie Ketline;female;ketline-adodo.33977;;07/01/1953;1953;Jacmel;Haiti;;;;;"Haiti;Togo";"poet;writer";;;;0000 0000 0101 9820;51854910;;
AU;Agnant Marie-Célie;Agnant;Marie-Célie;female;marie-celie-agnant.5619;agnant;01/01/1953;1953;Port-au-Prince;Haiti;;;;;Canada;"poet;writer;novelist";French;;Q3291756;0000 0000 7731 5095;17470529;;
AU;Alexis Jacques-Stephen;Alexis;Jacques-Stephen;male;jacques-stephen-alexis.5849;alexis_jacques-stephen;22/04/1922;1922;Gonaïves;Haiti;01/04/1961;1961;Haiti;Haiti;Haiti;"politician;writer;novelist;poet;neurologist";French;;Q3031679;"0000 0003 6864 3558; 0000 0001 2137 9361";68924500;;1
AU;Andou Ange Bellie;Andou;Ange Bellie;female;ange-bellie-andou.40341;;;;;;;;;;Haïti;"novelist;writer;actor";French;;;;121606842;;
AU;Anglade Georges;Anglade;Georges;male;georges-anglade.14050;anglade;18/07/1944;1944;Port-au-Prince;Haiti;12/01/2010;2010;Port-au-Prince;Haiti;Haiti;"geographer;politician;writer;university teacher";French;;Q1508785;0000 0001 2129 0383;39504226;;0
WIKI;Anthony Lespès;Anthony;Lespès;male;;lespes;07/02/1907;1907;Les Cayes;Haiti;01/01/1978;1978;Port-au-Prince;Haiti;Haiti;"writer;politician;poet";;;Q2852891;0000 0000 7144 0979;67939435;;1
WIKI;Antoine Innocent;Antoine;Innocent;male;antoine-innocent.35107;innocent_antoine;###############################################################################################################################################################################################################################################################;;Port-au-Prince;Haiti;"1960-01-01T00:00Z;1960-04-13T00:00Z";1960;;;Haiti;writer;Haitian Creole;;Q16945793;0000 0000 1361 0060;27143782;;1
AU;Apollon Pascal;Apollon;Pascal;male;;;16/06/1994;1994;;;;;;;Haiti;"poet;writer";French;;;0000 0004 7421 4140 ;;;
AU;Armand Margaret Mitchell;Armand;Margaret Mitchell;female;margaret-mitchell-armand.39598;;;;;;;;;;"United States of America;Haiti";researcher;English;;;;1,54E+20;;
AU;Attilus Rhoddy;Attilus;Rhoddy;male;rhoddy-attilus.43531;;;;;;;;;;Haïti;novelist;Haitian Creole;;;;1,54E+20;;1
AU;Attoumani Nassur;Attoumani;Nassur;male;nassur-attoumani.14082;attoumani;05/03/1954;1954;Moroni;Comoros;;;;;France;"writer;playwright";French;;Q3336266;0000 0000 8254 9558;67607725;;
AU;Augustave Elsie;Augustave;Elsie;female;elsie-augustave.39629;;;;Haiti;Haiti;;;;;"Haiti;United States of America";"author;choreographer";;;Q19663803;;;;
AU;Auguste Bonel;Auguste;Bonel;male;bonel-auguste.14053;auguste;06/03/1973;1973;Port-au-Prince;Haiti;;;;;Haiti;librarian;French;;Q16945858;0000 0004 1018 7235;304726217;;
AU;Augustin Gary;Augustin;Gary;male;gary-augustin.14054;augustin;01/01/1958;1958;Port-au-Prince;Haiti;01/01/2014;2014;;;Haiti;writer;;;Q16946325;0000 0000 3524 7848;23875210;;0
AU;Azor Rodianco Fils;Azor;Rodianco Fils;male;rodianco-fils-azor.32629;;;1990;;;;;;;Haïti;"poet;novelist";;;;;;1;0
AU;Baco Abdou S. ;Baco;Abdou S. ;male;abdou-s-baco.14055;baco;06/01/1965;1965;Mayotte;France;;;;;France;writer;French;;Q4665140;0000 0001 1473 2868;59132516;;
AU;Barthélémy Mimi;Barthélémy;Mimi;female;;barthelemy;03/05/1939;1939;Port-au-Prince;Haiti;27/04/2013;2013;Paris;France;Haiti;"writer;novelist;actor";French;;Q16266631;0000 0001 2122 3252;17257872;;0
AU;Barthélémy Elodie;Barthélémy;Elodie;female;elodie-barthelemy.4122;;;1965;;;;;;;"Haïti;France";researcher;;;;;1,90E+21;1;0
AU;Bastien Barbara;Bastien;Barbara;female;barbara-bastien.39632;;;;Port-au-Prince;Haiti;;;;;;researcher;;0000-0003-3446-894X;Q88413613;;;;
AU;Batraville Frantz Dominique;Batraville;Frantz Dominique;male;frantz-dominique-batraville.9813;batraville;20/02/1962;1962;Port-au-Prince;Haiti;;;;;Haiti;"writer;literary critic;poet";French;;Q16029082;0000 0000 7990 2234;34700403;;
AU;Beaugé-Rosier Jacqueline;Beaugé-Rosier;Jacqueline;female;jacqueline-beauge-rosier.14056;beauge-rosier;07/02/1932;1932;Jérémie;Haiti;28/07/2016;2016;Ottawa;Canada;Haiti;"poet;writer";French;;Q3157670;0000 0001 1438 1092;13423245;;0
AU;Bélance René;Bélance;René;male;rene-belance.14058;belance;08/01/1915;1915;Corail, Grand'Anse;Haiti;11/01/2004;2004;Port-au-Prince;Haiti;Haiti;writer;French;;Q18575751;0000 0000 7988 2042;28549341;;0
AU;Belin Biais Maggy;Belin Biais;Maggy;female;;belin;08/04/1950;1950;;;;;;;;writer;;;Q79392218;0000 0004 6358 6520;2,22E+19;;
AU;Bellegarde Louis Dantès;Bellegarde;Louis Dantès;male;dantes-bellegarde.14059;bellegarde;18/05/1877;;Port-au-Prince;Haiti;16/06/1966;1966;Port-au-Prince;Haiti;Haiti;"historian;diplomat;politician";French;;Q3015752;0000 0000 2314 2651;46803770;;1
AU;Bellerice Jules Emmanuel;Bellerice;Jules Emmanuel;male;jules-emmanuel-bellerice.40586;;;;;;;;;;Haiti;writer;;;Q12892188;0000 0000 4515 3781;1845443;;
AU;Benjamin Franz;Benjamin;Franz;male;franz-benjamin.7348;benjamin;01/01/1968;1968;Port-au-Prince;Haiti;;;;;"Canada;Haiti";writer;Canadian French;;Q12890785;0000 0000 7370 9273;69253640;;
AU;Berrouët-Oriol Robert M.;Berrouët-Oriol;Robert M.;male;robert-m-berrouet-oriol.49492;berrouet-oriol;;;;;;;;;"Haïti;Canada";researcher;Canadian French;;Q55217164;0000 0000 7390 2620;1624364;;
AU;Bertrand Michel G.;Bertrand;Michel G.;male;;;;;;;;;;;France;writer;French;;Q3309004;;311603349;;
AU;Binette Christie;Binette;Christie;female;christie-binette.40488;;;1992;;;;;;;Haïti;;;;;;;1;0
AU;Blaise Mario;Blaise;Mario;male;mario-blaise.3618;;;1943;;;;;;;;;;;;;100225976;1;0
AU;Bloncourt Gérald;Bloncourt;Gérald;male;gerald-bloncourt.5362;bloncourt;04/11/1926;1926;Bainet;Haiti;29/10/2018;2018;Paris;France;Haiti;"photographer;painter;photojournalist";French;;Q3123601;0000 0001 1466 181X;2710821;;0
AU;Bogart Jeanie;Bogart;Jeanie;female;jeanie-bogart.32106;bogart;;1970;;;;;;;;poet;;;Q55217166;;;1;
AU;Bouchotte Giscard;Bouchotte;Giscard;male;giscard-bouchotte.6939;;;;;;;;;;;;;;;;;;
AU;Bourjolly Jean-Marie;Bourjolly;Jean-Marie;male;jean-marie-bourjolly.14061;bourjolly;28/09/1947;1947;Port-au-Prince;Haiti;;;;;Haiti;writer;French;;Q12891871;0000 0000 7385 6062;31392194;;
AU;Brax Jean-Pierre;Brax;Jean-Pierre;male;;;04/02/1957;1957;Port-au-Prince;Haiti;;;;;"France;Haiti";writer;French;;Q16946633;0000 0003 7393 4931;33651270;;
AU;Brierre Jean Fernand;Brierre;Jean Fernand;male;jean-fernand-brierre.14062;brierre;23/09/1909;1909;Jérémie;Haiti;01/12/1992;1992;Port-au-Prince;Haiti;Haiti;"diplomat;poet;journalist;playwright;politician;historian";French;;Q3165387;0000 0000 2161 2461;59079637;;1
AU;Brouard Carl;Brouard;Carl;male;carl-brouard.14063;brouard;;1902;Port-au-Prince;Haiti;29/11/1965;1965;Port-au-Prince;Haiti;Haiti;"journalist;poet;artist";French;;Q2938879;0000 0000 7359 6475;41837233;1;1
AU;Buriez Emmanuel;Buriez;Emmanuel;male;emmanuel-buriez.37660;;01/01/1987;1987;Delmas;Haiti;;;;;France;"actor;film director";French;;Q39738159;;;;
AU;Calvin Jean-Max;Calvin;Jean-Max;male;;calvin;01/06/1945;1945;Port-au-Prince;Haiti;;;;;Haiti;writer;;;Q16946629;0000 0000 4516 3146;1857513;;
AU;Camille Roussan;Camille;Roussan;male;;camille;27/08/1912;1912;Jacmel;Haiti;07/12/1961;1961;Port-au-Prince;Haiti;Haiti;"journalist;poet;diplomat";French;;Q953097;0000 0001 1769 5521;71523357;;1
AU;Capécia Mayotte;Capécia;Mayotte;female;mayotte-capecia.14069;capecia;17/02/1916;1916;Le Carbet;France;24/11/1955;1955;Paris;France;France;writer;French;;Q18421742;0000 0000 3647 1091;62421697;;1
AU;Caplife Charles Edward;Caplife;Charles Edward;male;charles-edward-caplife.6256;;01/01/1960;1960;Cap-Haïtien;Haiti;;;;;"France;Haiti";writer;French;;Q12888836;0000 0000 0323 2908;32243099;;
AU;Carly Frantz;Carly;Frantz;male;frantz-carly.43366;;;;;;;;;;;;;;;;70131753;;1
AU;Casséus Maurice;Casséus;Maurice;male;maurice-casseus.14070;casseus;01/01/1902;1902;Port-au-Prince;Haiti;01/01/1963;1963;London;United Kingdom;Haiti;writer;French;;Q12894241;0000 0003 6628 2234;231662173;;1
AU;Castera Georges;Castera;Georges;male;georges-castera.8063;castera;27/12/1936;1936;Port-au-Prince;Haiti;24/01/2020;2020;Pétion-Ville;Haiti;Haiti;"writer;poet";French;;Q12890993;0000 0000 7361 1225;7456457;;0
AU;Cavé Syto;Cavé;Syto;male;syto-cave.14124;cave;07/08/1944;1944;Jérémie;Haiti;;;;;Haiti;writer;French;;Q18642641;0000 0000 7418 5440;73399131;;
AU;Cazanove Michele;Cazanove;Michele;female;;;;;;;;;;;;;;;;;19701838;;
WIKI;Cléante Valcin;Céante Valcin;;female;;valcin;###############################################################################################################################################################################################################################################################;;Port-au-Prince;Haiti;26/01/1956;1956;;;Haiti;writer;French;;Q62577905;0000 0000 7708 6210;107035071;;1
AU;Célestin-Mégie Emile;Célestin-Mégie;Emile;male;emile-celestin-megie.35088;;16/10/1922;1922;Marigot, Sud-Est;Haiti;06/07/2018;2018;;;Haiti;writer;French;;Q12890350;0000 0000 7829 4425;39386065;;0
AU;Chalmers Mehdi;Chalmers;Mehdi;male;mehdi-chalmers.39515;;;;;;;;;;;;;;;;1,92E+20;;
AU;Chancy Myriam J.A.;Chancy;Myriam J.A.;female;;chancy;01/01/1970;1970;;;;;;;Canada;"poet;writer";;;Q18631149;;119158299;;
AU;Charles Christophe Philippe;Charles;Christophe Philippe;male;christophe-philippe-charles-christopheles.14073;charles_christophe;01/04/1951;1951;Port-au-Prince;Haiti;;;;;Haiti;"literary scholar;lyricist;journalist;publisher;poet";French;;Q5111758;0000 0000 8399 8398;91292494;;
AU;Charles Jean-Claude;Charles;Jean-Claude;male;jean-claude-charles.14074;charles_jean-claude;20/10/1949;1949;Port-au-Prince;Haiti;07/05/2008;2008;Paris;France;Haiti;writer;French;;Q12891856;0000 0000 7360 0761;57241477;;0
AU;Charles Fabian;Charles;Fabian;male;fabian-charles.31432;;12/04/1968;;;;;;;;;;;;;;199365045;;
AU;Charles Jean Watson;Charles;Jean Watson;male;jean-watson-charles.29801;;;;;;;;;;;;;;;;113848596;;
AU;Charles Wébert;Charles;Wébert;male;webert-charles.39867;;;;;;;;;;;;;;;;1,48E+21;;
AU;Chassagne Raymond;Chassagne;Raymond;male;raymond-chassagne.14075;chassagne;13/02/1924;1924;Jérémie;Haiti;27/05/2013;2013;Longueuil;Canada;Haiti;"writer;poet;university teacher";;;Q12896026;0000 0000 3564 7112;36959969;;0
AU;Chavenet Anaïse;Chavenet;Anaïse;female;anaise-chavenet.44780;;;;;;;;;;;;;;;;58368568;;
AU;Chenet Gérard;Chenet;Gérard;male;gerard-chenet.16720;chenet;14/04/1927;1927;Port-au-Prince;Haiti;;;;;Haiti;writer;French;;Q11973505;0000 0000 4066 2683;29531822;;
AU;Chery Romel;Chery;Romel;male;romel-chery.12826;;;;;Haiti;;;;;Canada;writer;French;;Q20562029;0000 0003 7445 6724;11892751;;1
AU;Clitandre Pierre;Clitandre;Pierre;male;pierre-clitandre.14078;clitandre;20/03/1954;1954;Port-au-Prince;Haiti;;;;;Haiti;writer;French;;Q18555690;0000 0001 1452 2975;94470563;;
AU;Clorméus Lewis Ampidu ;Clorméus;Lewis Ampidu ;male;lewis-ampidu-clormeus.44901;;;1981;;;;;;;Haïti;researcher;French;;;0000 0004 1994 0721;305322777;1;0
AU;Cocks Georges;Cocks;Georges;male;;;23/04/1975;1975;Saint-Martin;Guadeloupe;;;;;France;"writer;poet;playwright";French;;Q3102491;0000 0004 6413 2782;;;
AU;Colimon Hall Marie-Thérèse;Colimon Hall;Marie-Thérèse;female;marie-therese-colimon-hall.14080;colimon-hall;11/04/1918;1918;Port-au-Prince;Haiti;01/01/1997;1997;;;Haiti;"writer;actor";French;;Q3132299;0000 0000 7974 8986;49223557;;1
AU;Constant Jean André;Constant;Jean André;male;jean-andre-constant.14085;constant;01/01/1968;1968;;;;;;;Haiti;writer;;;Q12891886;0000 0000 4726 2607;66266233;;
AU;Constant Joëlle;Constant;Joëlle;female;joelle-constant.49445;;;;Camp-Perrin;Haiti;;;;;;researcher;;0000-0002-3719-4609;Q91207438;;;;
AU;Constant Marcien;Constant;Marcien;male;marcien-constant.49446;;09/05/1905;1956;;;;;;;;;;;;;317018594;1;0
AU;Dabel Verly;Dabel;Verly;male;verly-dabel.32108;dabel;01/01/1964;1964;;;;;;;Haiti;writer;;;Q18084484;0000 0000 6655 5755;92103925;;
AU;Dalembert Louis-Philippe;Dalembert;Louis-Philippe;male;louis-philippe-dalembert.5052;dalembert;08/12/1962;1962;Port-au-Prince;Haiti;;;;;Haiti;"novelist;poet;writer;short story writer;non-fiction writer";Haitian Creole;;Q1315386;0000 0001 2141 3304;80256725;;
AU;D'Amérique Jean;D'Amérique;Jean;male;jean-d-amerique.35672;amerique;01/12/1994;1994;Côtes-de-Fer;Haiti;;;;;Haiti;"poet;writer;slam poet";;;Q47087234;;2,42E+19;;
AU;Damus Obrillant;Damus;Obrillant;male;obrillant-damus.49594;;;;;;;;;;Haiti;"researcher;writer";French;;;0000 0001 1883 0502;160745557;;
AU;Danticat Edwidge;Danticat;Edwidge;female;edwige-danticat.4217;danticat;19/01/1969;1969;Port-au-Prince;Haiti;;;;;"United States of America;Haiti";"writer;novelist;children's writer";English;;Q450346;0000 0001 1051 509X;32104515;;
AU;Davertige Villard Denis;Davertige;Villard Denis;male;davertige.14086;davertige;02/12/1940;1940;Port-au-Prince;Haiti;25/07/2004;2004;Montreal;Canada;Haiti;"poet;painter";French;;Q7930927;0000 0000 7981 4795;3558664;;0
AU;Depestre René;Depestre;René;male;rene-depestre.5711;depestre;29/08/1926;1926;Jacmel;Haiti;;;;;Haiti;"poet;writer;essayist";French;;Q59581;0000 0001 2283 0978;94345085;;
AU;Desinor Nirvah;Desinor;Nirvah;female;nirvah-desinor.39854;;;;;;;;;;Haiti;writer;;;;;;;
AU;Désir Sophia;Désir;Sophia;female;sophia-desir.39601;;01/01/1969;1969;;;;;;;Haiti;writer;;;Q18627792;0000 0001 3933 038X;107388714;;
AU;Desquiron Lilas;Desquiron;Lilas;female;;desquiron;01/01/1945;1945;Port-au-Prince;Haiti;;;;;Haiti;"novelist;ethnologist";French;;Q12893500;0000 0000 5434 0239;59122885;;
AU;Desrivières Jean-Durosier;Desrivières;Jean-Durosier;male;jean-durosier-desrivieres.24258;desrivieres;;1972;;;;;;;;;;;Q55217155;;;1;
AU;Desroches Jenner;Desroches;Jenner;male;jenner-desroches.49447;;01/01/1939;1939;Cap-Haïtien;Haiti;;;;;Canada;"researcher;writer";;;Q12891968;0000 0000 7378 373X;29183556;;
AU;Desrosiers Joël;Desrosiers;Joël;male;joel-des-rosiers.15170;desrosiers;26/10/1951;1951;Les Cayes;Haiti;;;;;Canada;"poet;writer";French;;Q3187394;0000 0001 1035 5006;2622758;;
AU;Desvignes Luckner;Desvignes;Luckner;male;luckner-desvignes.6659;;;;;;;;;;Haiti;writer;;;;;;;
AU;Dieurat Clervoyant;Dieurat;Clervoyant;male;clervoyant-dieurat.46356;;;;;;;;;;"Haiti;France";"researcher;writer";;;;0000 0000 9707 1307 ;143494271;;
AU;Dominique Jan J.;Dominique;Jan J.;female;jan-j-dominique.14090;dominique;25/01/1953;1953;Port-au-Prince;Haiti;;;;;Haiti;"writer;journalist";French;;Q16946539;0000 0000 7362 5678;50649908;;
AU;Dorsinville Max;Dorsinville;Max;male;max-dorsinville.32109;dorsinville_max;01/01/1943;1943;Port-au-Prince;Haiti;;;;;Haiti;writer;French;;Q18412231;0000 0001 0939 2889;118880958;;
AU;Dorsinville Roger;Dorsinville;Roger;male;roger-dorsinville.12269;dorsinville_roger;11/03/1911;1911;Port-au-Prince;Haiti;12/01/1992;1992;Port-au-Prince;Haiti;Haiti;"journalist;politician;diplomat;poet;playwright";French;;Q2990316;0000 0001 1084 7561;114358405;;1
AU;Dorvil Richardson;Dorvil;Richardson;male;richardson-dorvil.45358;;;;;;;;;;Haiti;;;;;;;;
AU;Dovilas Anderson;Dovilas;Anderson;male;anderson-dovilas.22813;dovilas;;1985;;;;;;;;;;;Q55217151;;;1;
AU;Duckens Charitable;Duckens;Charitable;male;duckens-charitable-duccha.22294;duccha;02/09/1982;1982;;;;;;;Haiti;writer;;;Q16946096;0000 0000 0509 2013;32325098;;
WIKI;Edner Brutus;Edner;Brutus;male;;;01/01/1911;1911;Jérémie;Haiti;12/11/1980;1980;Port-au-Prince;Haiti;Haiti;"historian;diplomat;politician;author";French;;Q3048185;;;;1
AU;Edouard Willems;Edouard;Willems;male;willems-edouard.49119;edouard;23/04/1965;1965;Pétion-Ville;Haiti;;;;;"Haiti;France";"poet;lawyer";;;Q55217158;0000 0000 3579 8260 ;270555161;;
WIKI;Édouard Antonin Tardieu;Édouard Antonin;Tardieu;male;;;01/06/1913;1913;Haiti;Haiti;01/01/2001;2001;Port-au-Prince;Haiti;Haiti;"journalist;writer";French;;Q16259761;;;;0
AU;Elbadawi Soeuf;Elbadawi;Soeuf;male;;soeuf-elbadawi;29/05/1970;1970;Moroni;Comoros;;;;;Comoros;"writer;actor;director;journalist";French;;Q3488805;0000 0001 2098 2193;212561;;
AU;Estepha Jean James;Estepha;Jean James;male;jean-james-estepha.45855;;;;;;;;;;Haiti;;;;;;;;
AU;Étienne Gérard;Étienne;Gérard;male;gerard-etienne.14094;etienne;;1936;;;;;;;Haiti;"journalist;poet;linguist";French;;Q289255;;;1;
AU;Eugène Emmanuel;Eugène;Emmanuel;male;emmanuel-eugene.9072;ejen;02/07/1946;1946;Guantánamo;Cuba;;;;;Haiti;writer;Haitian Creole;;Q16946145;0000 0000 8009 0552;102436018;;
AU;Exavier Marc;Exavier;Marc;male;marc-exavier.32110;exavier;01/01/1950;1950;;;;;;;Haiti;writer;French;;Q18341492;0000 0000 3499 3849;14946444;;
AU;Fanini-Lemoin Hervé;Fanini-Lemoin;Hervé;male;herve-fanini-lemoin.39597;;;;;;;;;;Haiti;;;;;;;;
WIKI;Farah-Martine Lhérisson;Farah-Martine;Lhérisson;female;;lherisson_farah-martine;30/11/1970;1970;Port-au-Prince;Haiti;15/06/2020;2020;;;Haiti;writer;;;Q16946185;0000 0000 3475 8339;7561501;;0
AU;Felin Guetty;Felin;Guetty;female;guetty-felin.17710;;;;Port-au-Prince;Haiti;;;;;"United States of America;Haiti";"director;producer;scriptwriter";;;;;173890375;;
AU;Fenelon Fortestson;Fenelon;Fortestson;male;fortestson-fenelon-lokandya.22420;;02/02/1982;1982;Port-au-Prince;Haiti;;;;;Haiti;"writer;poet;journalist";;;;;101027892;;
AU;Fièvre Jessica;Fièvre;Jessica;female;jessica-fievre.14101;fievre;29/04/1981;1981;Port-au-Prince;Haiti;;;;;Haiti;"writer;novelist";;;Q12891979;0000 0003 7487 0220;223773416;;
AU;Fignolé Jean-Claude;Fignolé;Jean-Claude;male;jean-claude-fignole.4218;fignole;24/05/1941;1941;Jérémie;Haiti;11/07/2017;2017;Port-au-Prince;Haiti;Haiti;"writer;politician";French;;Q3164963;0000 0000 8132 4410;54164605;;0
AU;Fleurant Elie;Fleurant;Elie;male;elie-fleurant.49633;;;;Cap-Haïtien;Haiti;;;;;"United States of America;Haiti";"poet;writer";;;;0000 0000 3887 6711;56161776;;
AU;Florival Jean;Florival;Jean;male;jean-florival.14368;;01/01/1930;1930;;;;;;;Haiti;journalist;French;;Q16946574;0000 0003 8247 1035;265511168;;
AU;Florvil Haveson;Florvil;Haveson;male;haveson-florvil.29254;;31/05/1989;1989;Ouanaminthe;Haiti;;;;;Haiti;"entrepreneur;lecturer";;;Q96952677;;;;
AU;Fouad André;Fouad;André;male;andre-fouad.39579;;;;;;;;;;;;;;;;88476157;;
AU;Foucard Guignard Mercedes;Foucard Guignard;Mercedes;female;;deita;21/09/1935;1935;Port-de-Paix;Haiti;29/12/2012;2012;Pétion-Ville;Haiti;Haiti;writer;;;Q12889446;0000 0000 3357 4423;45914128;;0
AU;Fouché Franck;Fouché;Franck;male;franck-fouche.49712;fouche;01/01/1915;1915;;;01/01/1978;1978;;;Haiti;writer;French-based creole languages;;Q12890741;0000 0000 7248 237X;41967110;;1
AU;François Yanick;François;Yanick;female;yanick-francois.39630;;;;;;;;;Port-au-prince;Haiti;;;;;;;;
AU;Frankétienne Jean-Pierre Basilic Dantor;Frankétienne;Jean-Pierre Basilic Dantor;male;franketienne.4348;franketienne;12/04/1936;1936;Ravine-Sèche;Haiti;;;;;Haiti;"painter;poet;musician;singer;novelist;artist;writer;playwright;politician";French;;Q162778;"0000 0001 2099 3255; 0000 0003 6863 4926";15916887;;
AU;Franz Émilie;Franz;Émilie;female;;franz;;1941;;;;;;;Haiti;writer;;;Q16946141;;;1;
AU;Frisch Peter;Frisch;Peter;male;peter-frisch.49122;;;;;;;;;;;;;;;;;;
AU;Gabriel Winnie Hugot ;Gabriel;Winnie Hugot ;female;winnie-hugot-gabriel-duvil.44753;;;;;;;;;;;;;;;;5,38E+20;;
AU;Gaillard-Vanté Geneviève;Gaillard-Vanté;Geneviève;female;genevieve-gaillard-vante.14110;gaillard-vante;;;Port-au-Prince;Haiti;;;;;Haiti;writer;;;Q12890976;0000 0000 4708 8952;61320682;;
AU;Garoute Jean-Claude;Garoute;Jean-Claude;male;jean-claude-garoute-tiga.5773;;09/12/1935;1935;Jérémie;Haiti;01/12/2006;2006;Miami;United States of America;Haiti;"painter;sculptor;artist";French;;Q782156;0000 0001 1479 2086;103491485;;0
AU;Gesner Jean-Gilles;Gesner;Jean-Gilles;male;gesner-jean-gilles.40585;;;;;;;;;;Haiti;;;;;;;;
AU;Gousse Edgard;Gousse;Edgard;male;edgard-gousse.40411;;;;;;;;;;Canada;;Canadian French;;Q55725389;0000 0000 7829 939X;72683298;;
AU;Guérin Mona;Guérin;Mona;female;mona-guerin.14114;guerin;09/10/1934;1934;Port-au-Prince;Haiti;30/12/2011;2011;;;Haiti;"journalist;poet";French;;Q12894528;0000 0000 2426 5127;14789597;;0
AU;Heurtelou Maude;Heurtelou;Maude;female;maude-heurtelou.49688;;;;;;;;;;Haiti;writer;;;Q20559271;;;;
AU;Hilaire Johnie;Hilaire;Johnie;male;johnie-hilaire.46291;;;;;;;;;;;;;;;;;;
AU;Hill Lawrence;Hill;Lawrence;male;lawrence-hill.31014;;24/01/1957;1957;Newmarket;Canada;;;;;Canada;"writer;novelist";Canadian English;;Q3828146;0000 0000 7367 3418;100308975;;
AU;Hurbon Laënnec;Hurbon;Laënnec;male;laennec-hurbon.5247;;21/06/1940;1940;Jacmel;Haiti;;;;;Haiti;writer;French;;Q16946779;0000 0000 7359 180X;24602927;;
AU;Hyppolite Joanne;Hyppolite;Joanne;female;joanne-hyppolite.42230;;;;;;;;;;Haiti;"writer;curator";;;Q16946660;;;;
WIKI;Ida Faubert;Ida;Faubert;female;ida-faubert.14100;faubert;###############################################################################################################################################################################################################################################################;;Port-au-Prince;Haiti;01/01/1969;1969;Joinville-le-Pont;France;Haiti;"writer;poet";French;;Q3147761;0000 0001 1615 1733;31001109;;1
AU;Jacquet Jean Emmanuel;Jacquet;Jean Emmanuel;male;jean-emmanuel-jacquet.30929;jacquet;26/12/1981;1981;Port-au-Prince;Haiti;;;;;Haiti;"director general;writer;poet;novelist";;;Q96198910;;;;
AU;Jean Yanick;Jean;Yanick;female;yanick-jean.14123;jean;01/01/1946;1946;Port-au-Prince;Haiti;01/01/2000;2000;;;Haiti;writer;;;Q3571564;0000 0000 7554 7028;106470707;;0
WIKI;Jean Price-Mars;Jean;Price-Mars;male;;price-mars;###############################################################################################################################################################################################################################################################;;Grande Rivière du Nord;Haiti;01/03/1969;1969;Pétion-Ville;Haiti;Haiti;"anthropologist;diplomat;writer;ethnologist;ethnographer;politician;historian";French;;Q3045911;0000 0000 8098 4249;19710657;;1
AU;Jean Maguy D.;Jean;Maguy D.;male;maguy-d-jean.40383;;;;;;;;;;;;;;;;1,02E+19;;
AU;Jeanty Constant;Jeanty;Constant;male;constant-jeanty.42531;;;;;;;;;;;;;;;;317017661;;
AU;Juste-Constant Voegeli;Juste-Constant;Voegeli;male;voegeli-juste-constant.44231;;;;;;;;;;;;;;;;38528560;;
AU;Kauss Saint-John;Kauss;Saint-John;male;saint-john-kauss.32111;kauss;;1958;;;;;;;;;;;Q55217152;;;1;
AU;Kénol Henry;Kénol;Henry;male;henry-kenol.38446;;;;;;;;;;;;;;;;160819922;;
AU;Kerns Fleurimond Wiener;Kerns Fleurimond;Wiener;male;wiener-kerns-fleurimond.12584;;01/01/1958;1958;;;;;;;France;"journalist;writer";French;;Q12898302;0000 0001 0800 0839;49452017;;
AU;Klang Gary;Klang;Gary;male;gary-klang.7412;klang;28/12/1941;1941;Port-au-Prince;Haiti;;;;;Haiti;"school teacher;playwright;poet";French;;Q3098578;0000 0000 7362 8019;56734287;;
AU;Labuchin Rassoul;Labuchin;Rassoul;male;rassoul-labuchin.6422;labuchin;01/01/1974;1974;;;;;;;Haiti;"film actor;poet;novelist";;;Q12896004;;;;
AU;Laferrière Dany;Laferrière;Dany;male;dany-laferriere.3366;laferriere;13/04/1953;1953;Port-au-Prince;Haiti;;;;;"Canada;Haiti";"writer;poet;novelist;screenwriter;journalist;film director";French;;Q1165217;0000 0001 2142 4759;87061403;;
AU;Lafortune Fred Edson;Lafortune;Fred Edson;male;fred-edson-lafortune.32114;lafortune;31/07/1982;1982;Anse-à-Veau;Haiti;;;;;Haiti;poet;;;Q3086821;;;;
AU;Laguerre Alex;Laguerre;Alex;male;alex-laguerre.40412;;01/01/1967;1967;;;;;;;Haiti;writer;Haitian Creole;;Q12887205;0000 0000 5039 5160;4482572;;
AU;Lahens Yanick;Lahens;Yanick;female;yanick-lahens.4107;lahens;22/12/1953;1953;Port-au-Prince;Haiti;;;;;Haiti;"radio personality;writer;short story writer";French;;Q2599418;0000 0001 0889 1002;37986271;;
AU;Laraque Paul;Laraque;Paul;male;paul-laraque.14131;laraque;21/09/1920;1920;Jérémie;Haiti;08/03/2007;2007;New York City;United States of America;Haiti;poet;;;Q3371635;0000 0001 1025 175X;39379555;;0
AU;Large Josaphat-Robert;Large;Josaphat-Robert;male;josaphat-robert-large.14132;large;15/11/1942;1942;Jérémie;Haiti;28/10/2017;2017;New York City;United States of America;Haiti;"poet;novelist;art critic;writer";French;;Q531431;0000 0000 7829 7669;103807753;;0
AU;Laroche Marc Léo;Laroche;Marc Léo;male;marc-leo-laroche.14133;laroche;01/01/1940;1940;;;;;;;Haiti;"sociologist;writer";French;;Q18341665;0000 0000 7884 9523;86008488;;
AU;Laroche Maximilien;Laroche;Maximilien;male;maximilien-laroche.14026;laroche_maximilien;05/04/1937;1937;Cap-Haïtien;Haiti;27/07/2017;2017;Quebec City;Canada;"Haiti;Canada";"writer;university teacher;literary scholar";French;;Q18926023;0000 0001 0857 9289;61548154;;0
AU;Lauture Denizé;Lauture;Denizé;male;denize-lauture.14134;lauture;11/05/1946;1946;;;;;;;Haiti;writer;;;Q12889499;0000 0000 5453 9790;7235847;;
AU;Lavoie Aupont Coutechève;Lavoie Aupont;Coutechève;male;coutecheve-lavoie-aupont.32104;aupont;16/10/1982;1982;Mirebalais;Haiti;;;;;Haiti;"writer;poet";;;Q55217112;;;;
AU;Leconte Frantz-Antoine;Leconte;Frantz-Antoine;male;frantz-antoine-leconte.20387;;01/01/1948;1948;;;;;;;Haiti;writer;French;;Q16946241;0000 0000 8412 2312;115232564;;
AU;Legagneur Serge;Legagneur;Serge;male;serge-legagneur.14135;legagneur;10/01/1937;1937;Jérémie;Haiti;30/06/2017;2017;Montreal;Canada;Haiti;poet;French;;Q12897255;0000 0000 7363 3563;73978144;;0
AU;Léger Dimitri Elias;Léger;Dimitri Elias;male;dimitri-elias-leger.45391;;;;;;;;;;;;;;;;;;
AU;Lemoine Lucien;Lemoine;Lucien;male;lucien-lemoine.5737;lemoine;01/01/1923;1923;Haiti;Haiti;13/01/2010;2010;Dakar;Senegal;"Haiti;Senegal";poet;;;Q26252366;0000 0000 2825 2745;14838039;;0
WIKI;Leon Laleau;Leon;Laleau;male;;laleau;###############################################################################################################################################################################################################################################################;;Port-au-Prince;Haiti;07/09/1979;1979;Port-au-Prince;Haiti;Haiti;"journalist;politician;diplomat;playwright;poet";French;;Q3271119;0000 0000 4057 4640;27101960;;1
AU;Léonidas Jean-Robert;Léonidas;Jean-Robert;male;jean-robert-leonidas.14137;leonidas;11/06/1946;1946;Jérémie;Haiti;;;;;Haiti;physician writer;French;;Q3169950;0000 0001 0879 1247;23852925;;
AU;Lominy J.M.;Lominy;J.M.;male;j-m-lominy.39539;;;;;;;;;;;;;;;;;;
AU;Lucas Rafaël;Lucas;Rafaël;male;rafael-lucas.20069;;;;;;;;;;;;;;;;;;
AU;Magloire Nadine;Magloire;Nadine;female;nadine-magloire.32116;magloire_nadine;10/02/1932;1932;Port-au-Prince;Haiti;;;;;;novelist;;;Q47571408;;;;
AU;Magloire-Saint-Aude Clément;Magloire-Saint-Aude;Clément;male;clement-magloire-saint-aude.32117;magloire-saint-aude;01/01/1912;1912;Port-au-Prince;Haiti;27/05/1971;1971;Port-au-Prince;Haiti;Haiti;"writer;poet";French;;Q2980637;0000 0000 8019 241X;49347179;;1
AU;Manigat Jr. Angelucci;Manigat Jr.;Angelucci;male;angelucci-manigat.14141;manigat;01/01/1963;1963;Port-au-Prince;Haiti;;;;;Haiti;writer;Haitian Creole;;Q12887389;;;;
AU;Mars Kettly;Mars;Kettly;female;kettly-mars.7317;mars;03/09/1958;1958;Port-au-Prince;Haiti;;;;;Haiti;"writer;poet";French;;Q3195618;0000 0000 8354 584X;7664185;;
AU;Martelly Stéphane;Martelly;Stéphane;female;stephane-martelly.6345;martelly;01/01/1974;1974;Port-au-Prince;Haiti;;;;;Haiti;writer;French;;Q18636498;0000 0000 7364 3817;17386405;;
WIKI;Martha Jean-Claude;Martha;Jean-Claude;female;;;21/03/1919;1919;Port-au-Prince;Haiti;14/11/2001;2001;Havana;Cuba;Haiti;"writer;civil rights advocate;singer";;;Q12894146;;106207687;;1
AU;Mathieu Marie-Soeurette;Mathieu;Marie-Soeurette;female;;mathieu;10/08/1949;1949;Port-au-Prince;Haiti;;;;;Canada;"poet;writer;novelist";French;;Q468040;0000 0001 1492 8510;65739650;;
AU;Mathurin Rodolphe;Mathurin;Rodolphe;male;rodolphe-mathurin-sonson-mathurin.40382;;09/12/1967;1967;Port-au-Prince;Haiti;;;;;Haiti;"novelist;teacher;short story writer";;;Q83521548;0000 0003 7142 7047;251038722;;
AU;Maurouard Elvire;Maurouard;Elvire;female;elvire-maurouard.5772;maurouard;01/01/1971;1971;Jérémie;Haiti;;;;;Haiti;writer;French;;Q12890330;0000 0001 1038 8115;12488209;;
AU;Merisier Emilio;Merisier;Emilio;male;emilio-merisier.19581;;;;;;;;;;;;;;;;;;
AU;Métellus Jean;Métellus;Jean;male;jean-metellus.5240;metellus;30/04/1937;1937;Jacmel;Haiti;04/01/2014;2014;Bonneuil-sur-Marne;France;Haiti;"poet;essayist;novelist;neurologist;playwright";French;;Q3173661;0000 0001 1038 4448;12312423;;0
AU;Michel Emeline;Michel;Emeline;female;emeline-michel.6661;;01/01/1967;1967;Gonaïves;Haiti;;;;;Haiti;"singer-songwriter;singer";;;Q5370358;0000 0000 7365 6386;44495833;;
AU;Michel G. Bertrand;Michel;G. Bertrand;male;g-bertrand-michel.39804;;;;Port-au-Prince;Haiti;;;;;;"researcher;writer";;;;;133938850;;
AU;Milard Martine;Milard;Martine;female;martine-milard.39817;;;;;;;;;;;;;;;;79225128;;1
AU;Milcé Jean-Euphèle;Milcé;Jean-Euphèle;male;jean-euphele-milce.14143;milce;01/01/1969;1969;;;;;;;Haiti;"writer;poet;journalist";French;;Q12891863;0000 0001 2145 6507;101168619;;
AU;Moïse Lenelle;Moïse;Lenelle;female;lenelle-moise.39606;;01/01/1980;1980;Port-au-Prince;Haiti;;;;;"United States of America;Haiti";"poet;actor;playwright;writer";;;Q6522408;0000 0004 2337 5745;305856687;;
AU;Moïse Serge H.;Moïse;Serge H.;male;serge-h-moise.49711;;;;;;;;;;;;;;;;309817046;;1
AU;Mondesir Jean Billy;Mondesir;Jean Billy;male;jean-billy-mondesir.38629;;;1984;;;;;;;;;;;;;8,15E+18;1;0
AU;Monnin Michel;Monnin;Michel;male;;monnin;01/01/1941;1941;;;;;;;Switzerland;writer;French;;Q6836494;0000 0000 2563 1213;71568689;;
AU;Morisseau Roland;Morisseau;Roland;male;roland-morisseau.14145;morisseau_roland;22/09/1933;1933;Port-au-Prince;Haiti;29/06/1995;1995;Montreal;Canada;Haiti;writer;French;;Q12896340;0000 0001 1932 4695;13918227;;1
AU;Morisseau-Leroy Félix;Morisseau-Leroy;Félix;male;felix-morisseau-leroy.14146;morisolewa;13/03/1912;1912;Grand-Gosier;Haiti;05/09/1998;1998;Miami;United States of America;Haiti;"writer;poet;playwright;journalist";French-based creole languages;;Q1363088;0000 0000 2738 8376;61549896;;1
AU;Narcisse J.-P. Richard;Narcisse;J.-P. Richard;male;;narcisse;;1961;;;;;;;;;;;Q55217260;;;1;
AU;Neptune Miriam;Neptune;Miriam;female;miriam-neptune.14781;;;;;;;;;;;;;;;;;;
AU;Nerette Leslie Gaëlle;Nerette;Leslie Gaëlle;female;leslie-gaelle-nerette.16703;;;;;;;;;;;;;;;;;;
AU;Noël James;Noël;James;male;;noel;01/01/1978;1978;Hinche;Haiti;;;;;Haiti;"children's writer;actor;poet";French;;Q3161308;0000 0000 7851 2357;58863888;;
AU;Ollivier Émile;Ollivier;Émile;male;;ollivier;11/02/1940;1940;Port-au-Prince;Haiti;10/11/2002;2002;Montreal;Canada;Haiti;writer;French;;Q286293;0000 0001 1030 5455;87423596;;
AU;Orcel Makenzy;Orcel;Makenzy;male;;orcel;18/09/1983;1983;Port-au-Prince;Haiti;;;;;Haiti;writer;French;;Q3280752;0000 0001 2145 7331;101540165;;
AU;Papillon Iléus;Papillon;Iléus;male;;papillon_ileus;08/06/1984;1984;Haiti;Haiti;;;;;Haiti;"writer;poet;journalist";;;Q55217189;;308246796;;
AU;Papillon Margaret;Papillon;Margaret;female;;papillon_margaret;14/11/1958;1958;Port-au-Prince;Haiti;;;;;Haiti;writer;French;;Q12894055;0000 0000 5160 1149;46871390;;
AU;Paret Roland;Paret;Roland;male;;paret;01/01/1943;1943;Cap-Haïtien;Haiti;;;;;Haiti;"film director;writer";French;;Q18607375;0000 0000 7418 7999;77542865;;
AU;Pasquet Fabienne;Pasquet;Fabienne;female;;pasquet_fabienne;22/12/1954;1954;Geneva;Switzerland;;;;;France;"writer;actor;translator";French;;Q12890543;0000 0000 3197 2479;69067500;;
AU;Pasquet Jean-Marc;Pasquet;Jean-Marc;male;;pasquet_jean-marc;01/01/1959;;;;;;;;Switzerland;writer;French;;Q12891869;0000 0000 5622 2383;17339130;;
AU;Paul Cauvin;Paul;Cauvin;male;;paul;03/03/1942;1942;Port-de-Paix;Haiti;;;;;Haiti;writer;Haitian Creole;;Q12888685;0000 0000 7364 2080;12482254;;
AU;Péan Stanley;Péan;Stanley;male;;pean;31/03/1966;1966;Port-au-Prince;Haiti;;;;;"Haiti;Canada";"writer;children's writer";French;;Q3496855;0000 0000 7361 3175;12423959;;
AU;Phelps Anthony;Phelps;Anthony;male;;phelps;25/08/1928;1928;Port-au-Prince;Haiti;;;;;Haiti;"writer;playwright;poet";French;;Q2852916;0000 0001 1047 1891;27080479;;
AU;Philoctète René;Philoctète;René;male;;philoctete;16/11/1932;1932;Jérémie;Haiti;17/07/1995;1995;Port-au-Prince;Haiti;Haiti;"journalist;poet;playwright";French;;Q3045950;0000 0001 1470 7590;36967735;;1
AU;Pierre Claude C.;Pierre;Claude C.;male;;pierre_claude;28/02/1941;1941;Corail, Grand'Anse;Haiti;24/06/2017;2017;Canada;Canada;Haiti;poet;;;Q2977119;0000 0000 7363 1189;66592624;;
AU;Pierre-Dahomey Néhémy;Pierre-Dahomey;Néhémy;male;;pierre-dahomey;;1986;;;;;;;;;;;Q55217188;;;1;
AU;Poujol Oriol Paulette;Poujol Oriol;Paulette;female;;poujol-oriol;12/05/1926;1926;Port-au-Prince;Haiti;11/03/2011;2011;;;Haiti;"actor;novelist;writer";;;Q12895266;0000 0000 3286 5675;21358336;;
AU;Prophète Emmelie;Prophète;Emmelie;female;;prophete_emmelie;15/06/1971;1971;Port-au-Prince;Haiti;;;;;Haiti;"journalist;poet;writer";French;;Q3053007;0000 0001 2131 5552;47904412;;
AU;Régis Guy;Régis;Guy;male;;regis;01/01/1974;1974;Port-au-Prince;Haiti;;;;;Haiti;"writer;director;playwright";French;;Q2396474;0000 0001 2207 5263;170304147;;
AU;Renaud Alix;Renaud;Alix;male;;renaud;30/08/1945;1945;Port-au-Prince;Haiti;;;;;Haiti;"journalist;poet;writer";French;;Q2837289;0000 0001 0899 0297;49327117;;
AU;Rey Charlier Jacques;Rey Charlier;Jacques;male;;charlier_jacques;04/05/1945;;;;;;;;;writer;;;Q79392504;;;;
AU;Rigaud Apollon Marlène;Rigaud Apollon;Marlène;female;marlene-rigaud-apollon.32103;apollon;01/01/1945;1945;Cap-Haïtien;Haiti;;;;;Haiti;"poet;writer";French;;Q12894134;0000 0000 4251 8351;4204233;;
WIKI;Roger Gaillard;Roger;Gaillard;male;;gaillard;10/04/1923;1923;Port-au-Prince;Haiti;"2000-01-01T00:00Z;2000-05-25T00:00Z";2000;;;Haiti;"historian;writer";French;;Q3438996;0000 0000 2268 693X;27074457;;0
AU;Roumain Jacques;Roumain;Jacques;male;;roumain;04/06/1907;1907;Port-au-Prince;Haiti;18/08/1944;1944;Port-au-Prince;Haiti;"Haiti;Haiti";"writer;poet;journalist;politician";French;;Q1356852;0000 0001 2131 8446;49230970;;1
AU;Roumer Émile;Roumer;Émile;male;;roumer;05/02/1903;1903;Jérémie;Haiti;01/01/1988;1988;Frankfurt am Main;Germany;Haiti;poet;;;Q3045906;0000 0000 6303 6802;264763430;;1
AU;Roy Fombrun Odette;Roy Fombrun;Odette;female;;fombrun;13/06/1917;1917;Port-au-Prince;Haiti;;;;;Haiti;"children's writer;writer";French;;Q18528616;0000 0001 1591 126X;7411030;;1
AU;Saint-Amand Édris;Saint-Amand;Édris;male;;saint-amand;26/03/1918;1918;Gonaïves;Haiti;01/01/2004;2004;Port-au-Prince;Haiti;Haiti;"writer;trade unionist;diplomat";French;;Q3048259;0000 0001 1669 851X;71908885;;1
AU;Saint-Éloi Rodney;Saint-Éloi;Rodney;male;;saint-eloi;27/08/1963;1963;Cavaellon;Haiti;;;;;Haiti;"writer;poet;essayist";French;;Q3438235;0000 0001 2101 5701;56783467;;
AU;Saint-Louis Mentor Ulysse ;Saint-Louis Mentor;Ulysse ;male;ulysse-saint-louis-mentor.52497;;;;;;;;;;;;;;;;;;
AU;Sandino  Alexandre Fednel;Sandino ;Alexandre Fednel;male;;;;;;;;;;;;;;;;;46304109;;1
AU;Scott-Lemoine Jacqueline;Scott-Lemoine;Jacqueline;female;;scott;28/10/1923;1923;Port-au-Prince;Haiti;09/07/2011;2011;Dakar;Senegal;"Haiti;Senegal";"actor;writer";French;;Q26252340;0000 0000 4303 2759;19931184;;
AU;Sixto Maurice;Sixto;Maurice;male;;sixto;23/05/1919;1919;Gonaïves;Haiti;12/05/1984;1984;Philadelphia;United States of America;Haiti;"pedagogue;writer;Lodyans";;;Q3301423;0000 0003 7442 9275;38119665;;1
AU;Suprice Lenous Guillaume;Suprice;Lenous Guillaume;male;;suprice;;;Fond des Blancs;Haiti;;;;;"Haiti;Canada";"poet;writer";Haitian Creole;;Q55217215;;;;
AU;Suréna Elsie;Suréna;Elsie;female;;surena;01/01/1956;1956;Port-au-Prince;Haiti;;;;;Haiti;"photographer;poet";;;Q12890326;0000 0001 1497 7646;122176630;;
WIKI;Suzanne Comhaire-Sylvain;Suzanne;Comhaire-Sylvain;female;suzanne-comhaire-sylvain.14081;comhaire-sylvain;###############################################################################################################################################################################################################################################################;;Port-au-Prince;Haiti;20/06/1975;1975;Nigeria;Nigeria;Haiti;"writer;anthropologist";French;;Q12897540;0000 0000 8352 1450;4936954;;1
AU;Tavernier Janine;Tavernier;Janine;female;;tavernier;23/03/1935;1935;Port-au-Prince;Haiti;27/02/2019;2019;Tampa;United States of America;Haiti;"novelist;poet;university teacher";French;;Q3162015;0000 0000 7363 2739;71514411;;
AU;Théard Marie-Alice;Théard;Marie-Alice;female;;theard;03/08/1948;1948;Port-au-Prince;Haiti;;;;;Haiti;"novelist;poet;writer";French;;Q12894088;0000 0000 3749 9854;14109213;;
AU;Thoby-Marcelin Philippe;Thoby-Marcelin;Philippe;male;;thoby-marcelin;11/12/1904;1904;Port-au-Prince;Haiti;13/08/1975;1975;Syracuse;United States of America;Haiti;"journalist;poet;politician";French;;Q3380772;0000 0000 7858 0851;52485878;;1
AU;Trouillot Évelyne;Trouillot;Évelyne;female;;trouillot_evelyne;02/01/1954;1954;Port-au-Prince;Haiti;;;;;Haiti;"playwright;writer;children's writer;poet;essayist";French;;Q12890535;0000 0001 1461 5119;59220009;;
AU;Trouillot Lyonel;Trouillot;Lyonel;male;;trouillot_lyonel;31/12/1956;1956;Port-au-Prince;Haiti;;;;;Haiti;"journalist;poet;novelist;writer";French;;Q637689;0000 0003 8321 3791;267680342;;
AU;Victor Gary;Victor;Gary;male;;victor_gary;09/07/1958;1958;Port-au-Prince;Haiti;;;;;Haiti;"journalist;playwright;screenwriter;politician";French;;Q3098632;0000 0001 0866 2517;6109517;;
AU;Vieux Chauvet Marie;Vieux Chauvet;Marie;female;;chauvet;16/09/1916;1916;Port-au-Prince;Haiti;19/06/1973;1973;New York City;United States of America;Haiti;"playwright;writer";French;;Q3292853;"0000 0003 6848 4104; 0000 0000 7994 9665";49367558;;1
AU;Voltaire Marcelin Michèle;Voltaire Marcelin;Michèle;female;;voltaire-marcelin;01/01/1955;1955;Port-au-Prince;Haiti;;;;;Haiti;writer;;;Q18461233;0000 0001 1454 3637;106569746;;
WIKI;Etzer Vilaire;;;male;;vilaire;###############################################################################################################################################################################################################################################################;;Jérémie;Haiti;22/05/1951;1951;Port-au-Prince;Haiti;Haiti;"poet;writer;lawyer";French;;Q3059438;0000 0000 2669 1373;34671219;;1
WIKI;Assotto Saint;;;male;;;"1957-10-02T00:00Z;1957-01-01T00:00Z";1957;Les Cayes;Haiti;"1994-06-29T00:00Z;1994-01-01T00:00Z";1905;New York City;United States of America;United States of America;"poet;artist;author;LGBTIQ+ rights activist;dancer;editor";;;Q18808886;0000 0000 2991 7323;75494266;1;1
WIKI;Alix Mathon;;;male;;;09/10/1908;1908;Port-au-Prince;Haiti;04/05/1985;1985;Pétion-Ville;Haiti;Haiti;"journalist;politician;lawyer;writer;historian";French;;Q2837287;0000 0000 3508 5308;18646771;;1
WIKI;Jean-Claude Bajeux;;;male;;;17/09/1931;1931;Port-au-Prince;Haiti;05/08/2011;2011;Port-au-Prince;Haiti;Haiti;"political activist;teacher;writer";;;Q6169086;0000 0000 5511 6239;55290165;;
WIKI;Dominique Hippolyte;;;male;;;###############################################################################################################################################################################################################################################################;;Port-au-Prince;Haiti;01/01/1967;1967;Port-au-Prince;Haiti;Haiti;"playwright;poet";French;;Q18214907;0000 0000 6406 459X;78391741;;1
WIKI;Kern Delince;;;male;;;27/11/1923;1923;Jacmel;Haiti;30/12/2016;2016;New York City;United States of America;Haiti;writer;;;Q16946741;0000 0000 6642 3285;91894167;;
WIKI;Antonio Vieux;;;male;;;28/08/1904;1904;Port-au-Prince;Haiti;02/06/1961;1961;;;;"writer;diplomat";;;Q15783722;0000 0000 7337 6683;103597518;;1
WIKI;Maurice Cadet;;;male;;;20/06/1933;1933;Jacmel;Haiti;29/05/2020;2020;;;Haiti;writer;;;Q18396644;0000 0000 7363 841X;5100760;;
WIKI;Jacques Roche;;;male;;;01/01/1961;1961;Cavaellon;Haiti;14/07/2005;2005;Haiti;Haiti;Haiti;"journalist;poet";;;Q3159899;0000 0000 8075 3125;122368037;;
WIKI;Leslie Manigat;;;male;;;16/08/1930;1930;Port-au-Prince;Haiti;27/06/2014;2014;Port-au-Prince;Haiti;Haiti;"politician;academic;writer";French;;Q470492;0000 0000 8164 7009;92118704;;
WIKI;Stenio Vincent;;;male;;;###############################################################################################################################################################################################################################################################;;Port-au-Prince;Haiti;03/09/1959;1959;Pétion-Ville;Haiti;Haiti;"politician;writer";French;;Q886213;0000 0001 0113 6952;150518472;;1
WIKI;Nemours Jean Baptiste;;;male;;;02/02/1918;1918;Port-au-Prince;Haiti;18/05/1985;1985;;;Haiti;"writer;musician;conductor";;;Q3709714;0000 0004 0651 2795;310661405;;1
