id;label
Paulette_Poujol_Oriol;Paulette Poujol Oriol
Joseph_Poujol;Joseph Poujol
Therese_Colimon;Thérèse Colimon
Henri_Deschamps;Henri Deschamps
Pradel_Pompilus;Pradel Pompilus
Poujol_Oriol;Poujol Oriol
Coralie_Santeuil;Coralie Santeuil
Rene_Belance;René Bélance
Saint_Amand_Edris;Saint-Amand Edris
Roumain_Jacques;Roumain Jacques
LeOn_Emile_Georges;Léon-Emile Georges
Archive_Of_Hispanic_Literature_On_Tape_Library_Of_Congress;Archive of Hispanic Literature on Tape Library of Congress
Depestre_Rene;Depestre René
Emmelie_Prophete;Emmelie Prophète
Wiener_Jacqueline;Wiener Jacqueline
Voltaire_Marcelin_Michele;Voltaire Marcelin Michèle
Vincent_Nedjmhartine;Vincent Nedjmhartine
Valcin_Cleante;Valcin Cléante
Trouillot_Evelyne;Trouillot Évelyne
Theard_Marie_Alice;Théard Marie-Alice
Tennstedt_Antje;Tennstedt Antje
Tavernier_Janine;Tavernier Janine
Younsi_Ouanessa;Younsi Ouanessa
Trouillot_Lyonel;Trouillot Lyonel
Chauvet_Marie;Chauvet Marie
Edmond_Laforest;Edmond Laforest
Jean_Brierre;Jean Brierre
Normil Sylvain_G;Normil G. Sylvain
Cincinnatus_Leconte;Cincinnatus Leconte
Emile_Roumer;Émile Roumer
Elsie_Surena;Elsie Suréna
Descoteaux_Diane;Descôteaux Diane
Michele_Voltaire_Marcelin;Michèle Voltaire Marcelin
Marlene_Rigaud_Apollon;Marlène Rigaud Apollon
Mere_Marie_Lange;Mère Marie Lange
Louis_Mercier;Louis Mercier
Odette_Roy_Fombrun;Odette Roy Fombrun
Domingue_De_Moreau_De_Saint;Domingue de Moreau de Saint
Madame_Fombrun;Madame Fombrun
Francois_Duvalier;François Duvalier
Marcel_Fombrun;Marcel Fombrun
Franck_Laraque;Franck Laraque
Gerard_Barthelemy;Gérard Barthélemy
Konbit_Clinic;Konbit Clinic
Fonds_Educatif;Fonds Éducatif
Touris_Lakay;Touris Lakay
Makenzy_Orcel;Makenzy Orcel
Georges_Sylvain;Georges Sylvain
Roland_Paret;Roland Paret
Tatsuno_Michiko;Tatsuno Michiko
Voltaire_Frantz;Voltaire Frantz
Lafontant_Carl;Lafontant Carl
Kip;KIP
Duret_Marcel;Duret Marcel
Douyon_Frantz;Douyon Frantz
Cave_Syto;Cavé Syto
Azor;Azor
Alix_Renaud;Alix Renaud
Marquez_De_Quebec;Márquez de Québec
Alain_Beaulieu;Alain Beaulieu
Stanley_Pean;Stanley Péan
Jean_Desy;Jean Désy
Jeannot_Turcotte;Jeannot Turcotte
Michel_Borgeat;Michel Borgeat
Ralph_Cote;Ralph Côté
Michelle_Lavallee;Michelle Lavallée
Jacques_Stephen_Alexis;Jacques Stephen Alexis
Tetu_Michel;Tetu Michel
Laroche_Maximilien;Laroche Maximilien
Coates Carrol_F;Coates Carrol F
Schlicht_Paul;Schlicht Paul
Gallimard;Gallimard
Alexis_Florence;Alexis Florence
Skanderova_Lea;Škanderová Lea
ZieBina_Maria;Ziębina Maria
Outratova_Eva;Outratová Eva
Немчинова_Наталья_Ивановна;Немчинова Наталья Ивановна
Rajandi_Henno;Rajandi Henno
Maximilien_Laroche;Maximilien Laroche
Jacques_Dessalines;Jacques Dessalines
Du_Gouvernement;Du Gouvernement
President_Lescot;Président Lescot
Rene_Depestre;René Depestre
Compere_General_Soleil;Compère Général Soleil
Dantes_Bellegarde;Dantès Bellegarde
Sylvain_Georges;Sylvain Georges
MeNos_Solon;Ménos Solon
Duval_A;Duval A
Cook_Mercer;Cook Mercer
Charles_Louis;Charles Louis
Vincent_SteNio;Vincent Sténio
Jean_Durosier_Desrivieres;Jean-Durosier Desrivières
Durosier_Desrivieres;Durosier Desrivières
Georges_Castera;Georges Castera
Montray_Kreyol;Montray Kréyol
Creation_Litteraire;Création Littéraire
Mylene_Dorce;Mylène Dorcé
Aime_Cesaire;Aimé Césaire
Daniel_Marcelin;Daniel Marcelin
Willems_Edouard;Willems Édouard
Sorbonne_Nouvelle;Sorbonne Nouvelle
Jeanie_Bogart;Jeanie Bogart
Margaret_Papillon;Margaret Papillon
Albert_Desmangles;Albert Desmangles
Alexandre_Dumas;Alexandre Dumas
Louis_De_Gonzague;Louis de Gonzague
Marie_Saint;Marie Saint
Elie_Abecera;Élie Abécéra
Charles_Christophe;Charles Christophe
Brouard_Carl;Brouard Carl
Pompilus_Pradel_1914?_2000;Pompilus Pradel 1914?-2000
Franketienne;Frankétienne
FrankeTienne;Frankétienne
Charles_Christophe_Philippe;Charles Christophe Philippe
Berrou_Raphael;Berrou Raphaël
Gerald_Bloncourt;Gérald Bloncourt
Bastos_Daniel;Bastos Daniel
Teixeira_Joaquim_Paulo_Lopes;Teixeira Joaquim Paulo Lopes
LoWy_Michael;Löwy Michael
Vigee_Claude;Vigée Claude
Vallotton_Jean_Pierre;Vallotton Jean-Pierre
Teixeira_Paulo;Teixeira Paulo
Nadal_Gardere_Marie_Jose;Nadal-Gardère Marie-José
Mouraux_Lionel;Mouraux Lionel
Morin_Edgar;Morin Edgar
Esposito_Bernard;Esposito Bernard
Nadal_Marie_Jose;Nadal Marie-José
Stephen_Alexis;Stephen Alexis
Georges_Beaufils;Georges Beaufils
Gerard_Chenet;Gérard Chenet
Deita;Déita
Mercedes_Foucard_Guignard;Mercedes Foucard Guignard
Asosyasyon_Konbit_Natif_Natal;Asosyasyon Konbit Natif Natal
Frater_Gaetan_Mentor;Frater Gaétan Mentor
Jacqueline_Scott_Lemoine;Jacqueline Scott Lemoine
Gauthier Florence 19 Historienne_;Gauthier Florence 19- historienne
Seck_Douta;Seck Douta
Dioum_Mamadou;Dioum Mamadou
Diop_David_Ika;Diop David Ika
Sall_Amadou_Lamine;Sall Amadou Lamine
Denis_Maxence;Denis Maxence
Roy_Fombrun_Odette;Roy Fombrun Odette
Senghor_LeOpold_SeDar;Senghor Léopold Sédar
Scott_Lemoine_Jacqueline;Scott-Lemoine Jacqueline
Diop_David;Diop David
Jacques_Roumain;Jacques Roumain
Herve_Denis;Hervé Denis
Marie_Serreau;Marie Serreau
Lucien_Lemoine;Lucien Lemoine
Emeric_Bergeaud;Émeric Bergeaud
Umana_Hossman_Adriana;Umaña Hossman Adriana
Mucher_Christen;Mucher Christen
Curtis Lesley_S;Curtis Lesley S
Duno_Gottberg_Luis;Duno Gottberg Luis
Faustin_Souloque;Faustin Souloque
Faustin_Ier;Faustin Ier
Beaubrun_Adouin;Beaubrun Adouin
Massillon_Coicou;Massillon Coicou
Florvil_Hyppolite;Florvil Hyppolite
Nord_Alexis;Nord Alexis
Antenor_Firmin;Anténor Firmin
Doctrine_Monroe;Doctrine Monroe
Tiresias_Simon_Sam;Tirésias Simon Sam
Auguste_Dorchain;Auguste Dorchain
Adolphe_Boisrond;Adolphe Boisrond
Guillaume_Apollinaire;Guillaume Apollinaire
Saint_Thomas;Saint Thomas
Louis_Coicou;Louis Coicou
Henock_Trouillot;Henock Trouillot
Justin_Lherisson;Justin Lhérisson
Victor_Hugo;Victor Hugo
CeSaire_Aime;Césaire Aimé
Pinera_Virgilio;Piñera Virgilio
Palcy_Euzhan;Palcy Euzhan
Wydawnictwo_Amber;Wydawnictwo AMBER
Veth_Mirjam_De;Veth Mirjam de
FernaNdez_Retamar_Roberto;Fernández Retamar Roberto
TheBia_Melsan_Annick;Thébia-Melsan Annick
Glissant_EDouard;Glissant Édouard
Cazals_Patrick;Cazals Patrick
Podany_Richard;Podaný Richard
Graphischer_Grossbetrieb_Interdruck;Graphischer Grossbetrieb Interdruck
立花_英裕;立花 英裕
Ollivier_EMile;Ollivier Émile
Ludwig_Ralph;Ludwig Ralph
Guatelli_Tedeschi_Joelle;Guatelli-Tedeschi Joëlle
Cebo_Foniok_Małgorzata;Cebo-Foniok Małgorzata
Abreu_Estela_Dos_Santos;Abreu Estela dos Santos
Marie_Therese_Colimon_Hall;Marie-Thérèse Colimon Hall
Joseph_Colimon;Joseph Colimon
Jasmine_Narcisse;Jasmine Narcisse
Margot_Colimon;Margot Colimon
Marguerite_Marodon;Marguerite Marodon
Rene_Lerebours;René Lerebours
Madame_Lerebours;Madame Lerebours
Victorine_Latortue;Victorine Latortue
Fortuna_Guery;Fortuna Guéry
Camille_Munier;Camille Munier
Raymonde_Colimon;Raymonde Colimon
Denise_Roy;Denise Roy
Paulette_Milfort_Jumelle;Paulette Milfort Jumelle
Circe_Douyon;Circé Douyon
Lucienne_Douge;Lucienne Dougé
Elie_Dubois;Élie Dubois
Marie_Bec;Marie Bec
Centre_De_Formation;Centre de Formation
Lucienne_Rameau_Leroy;Lucienne Rameau Leroy
Madame_Jean_Boisson;Madame Jean Boisson
Pedagogie_Prescolaire;Pédagogie Préscolaire
Lucienne_Leroy;Lucienne Leroy
Louis Hall_D;Louis D. Hall
Therese_Colimon_Hall;Thérèse Colimon Hall
Alice_Garoute;Alice Garoute
Madeleine_Sylvain;Madeleine Sylvain
Madame_Hall;Madame Hall
Madame_Marie;Madame Marie
Merci_Marie;Merci Marie
Marie_Celie_Agnant;Marie Célie Agnant
Tapia_Veronica;Tapia Veronica
Saint_Eloi_Rodney;Saint-Éloi Rodney
Zekina_Daniela;Zekina Daniela
Tiga;Tiga
Pean_Stanley;Péan Stanley
Cousineau_Normand;Cousineau Normand
Mata_Barreiro_Carmen;Mata Barreiro Carmen
Barroux;Barroux
Ellis_Zilpha;Ellis Zilpha
Celie_Agnant;Célie Agnant
Alexis_D_Haiti;Alexis d'Haïti
Janine_Tavernier;Janine Tavernier
Fillaire_Bernard;Fillaire Bernard
Sojka_Leszczynska_Anna;Sójka-Leszczyńska Anna
Delporte_Charline;Delporte Charline
Wydawnictwo_Ksiezy_Marianow;Wydawnictwo Księży Marianów
Wydawnictwo Ksiezy Marianow_Mic;Wydawnictwo Księży Marianów MIC
Association_De_Defense_Des_Familles_Et_De_L_Individu_Nord;Association de défense des familles et de l'individu Nord
Carl_Brouard;Carl Brouard
Rafael_Brouard;Rafaël Brouard
Cleomie_Gaetjens;Cléomie Gaetjens
Erima_Guignard;Erima Guignard
Jean_Price;Jean Price
Anna_Lerebours;Anna Lerebours
Brouard L_;Brouard l’
Normil_Sylvain;Normil Sylvain
Antonio_Vieux;Antonio Vieux
Philippe_Thoby;Philippe Thoby
Daniel_Heurtelou;Daniel Heurtelou
Richard_Salnave;Richard Salnave
Max_Hudicourt;Max Hudicourt
Georges_Petit;Georges Petit
Louis_Diaquoi;Louis Diaquoi
Lorimer_Denis;Lorimer Denis
Roger_Gaillard;Roger Gaillard
Carmen_Brouard;Carmen Brouard
Michel_Garneau;Michel Garneau
Omar_Khayyam;Omar Khayyam
Gary_Klang;Gary Klang
Marie_Laurencin;Marie Laurencin
Emile_Nelligan;Émile Nelligan
Sri_Aurobindo;Sri Aurobindo
Rabindranath_Tagore;Rabindranath Tagore
Walt_Whitman;Walt Whitman
Rodney_Saint;Rodney Saint
Cleante_Valcin;Cléante Valcin
Voltaire_Marcelin_MicheLe;Voltaire Marcelin Michèle
Trouillot_EVelyne;Trouillot Évelyne
TheArd_Marie_Alice;Théard Marie-Alice
SureNa_Elsie;Suréna Elsie
Sampeur_Virginie;Sampeur Virginie
Rigaud_Apollon_MarleNe;Rigaud Apollon Marlène
Dumas_Pierre_Raymond;Dumas Pierre-Raymond
Clermont_Pean_Paula;Clermont Péan Paula
Hugues_Saint;Hugues Saint
Marc_Mathelier;Marc Mathelier
John_Steve_Brunache;John Steve Brunache
Chenald_Augustin;Chenald Augustin
John_Kauss;John Kauss
Franz_Benjamin;Franz Benjamin
Celebrating_Haitian;Celebrating Haitian
Words_Without_Borders;Words Without Borders
Jean_Andre_Constant;Jean André Constant
Jean_Des_Cayes;Jean des Cayes
French_Accent;French Accent
Radyo_Men_Kontre_Des_Cayes;Radyo Men Kontre des Cayes
Nadine_Magloire;Nadine Magloire
Jean_Magloire;Jean Magloire
Auguste_Magloire;Auguste Magloire
Raphael_Brouard;Raphaël Brouard
Sainte_Rose_De_Lima;Sainte Rose de Lima
Simone_De_Beauvoir;Simone de Beauvoir
Rassoul_Labuchin;Rassoul Labuchin
Lafontant_Medard_MichaeLle;Lafontant-Medard Michaëlle
Marcelin_Magalie;Marcelin Magalie
Guerrier_Chantal;Guerrier Chantal
Fouchard_Mael;Fouchard Mael
Auguste_Suzelle;Auguste Suzelle
Joseph_Yves_Medard;Joseph Yves Médard
Mariaj_Lenglensou;Mariaj Lenglensou
Federico_Garcia;Federico Garcia
Prosper_Avril;Prosper Avril
Sophie_Marceau;Sophie Marceau
Francis_Girod_Descente;Francis Girod Descente
Maurice_Faillevic;Maurice Faillevic
Raphael_Stines;Raphaël Stines
Francis_Girod;Francis Girod
Phelps_Anthony;Phelps Anthony
Martial_Jacques;Martial Jacques
Haas_Elsie;Haas Elsie
Klang_Gary;Klang Gary
Pomeau_Rene;Pomeau René
Fred_Edson_Lafortune;Fred Edson Lafortune
James_Noel;James Noël
Guillaume_Truilhe;Guillaume Truilhé
Gerard_Noiret;Gérard Noiret
Louis_Gerbaud;Louis Gerbaud
Maria_Rilke;Maria Rilke
Octavio_Paz;Octavio Paz
Michael_Riffaterre;Michael Riffaterre
Henri_Miller;Henri Miller
Louis_Joseph_Janvier;Louis Joseph Janvier
Charles_Leconte_De_Lisle;Charles Leconte de Lisle
Judith_Gautier;Judith Gautier
Francois_Coppee;François Coppée
Stephane_Mallarme;Stéphane Mallarmé
Maria_De_Heredia;Maria de Hérédia
Maurice_Barres;Maurice Barrès
Elisee_Reclus;Élisée Reclus
Maria_Windsor;Maria Windsor
Ludovic_Janvier;Ludovic Janvier
Duracine_Vaval;Duraciné Vaval
Jules_Auguste;Jules Auguste
Arthur_Bowler;Arthur Bowler
Clement_Denis;Clément Denis
Justin_Prevost;Justin Prévost
Victor_Schœlcher;Victor Schœlcher
Ramon_Emeterio_Betances;Ramón Emeterio Betances
Victor_Cochinat;Victor Cochinat
Louis_Francois;Louis François
Louise_Gabart;Louise Gabart
M_Cochinat;M. Cochinat 
Toussaint_Louverture;Toussaint Louverture
Demesvar_Delorme;Démesvar Delorme
Mimose_Carminier;Mimose Carminier
Ghislain_Gouraige;Ghislain Gouraige
General_Cocoyo;Général Cocoyo
E_Dentu;E. Dentu
Joseph_Janvier;Joseph Janvier
Louis_Janvier;Louis Janvier
Denize_Lauture;Denizé Lauture
Lehman_College;Lehman College
Drumvoices_Revue;Drumvoices Revue
Saint_Thomas_Aquinas_College;Saint Thomas Aquinas College
Denizen_Weeps;Denizen Weeps
Michael_Roberts;Michael Roberts
Raymond_Dumas;Raymond Dumas
Sergio_Viliani;Sergio Viliani
Nehemy_Pierre_Dahomey;Néhémy Pierre-Dahomey
Nehemy_Pierre;Néhémy Pierre
Garcia_Marquez;García Márquez
Stephen_Sweig;Stephen Sweig
Jose_Saramago;José Saramago
Belliqueuse_Loussaint;Belliqueuse Loussaint
Paul_Laraque;Paul Laraque
Laraque_Franck;Laraque Franck
Hirschman_Jack;Hirschman Jack
Morejon_Nancy;Morejón Nancy
Delince_Kern;Delince Kern
Manno_Rosemary;Manno Rosemary
Sauer_Ronald;Sauer Ronald
Sarriere_Beltran;Sarriere Beltran
Boadiba;Boadiba
Laraque Guy_F;Laraque Guy F
Pol_Larak;Pòl Larak
Andre_Breton;André Breton
Marcelle_Pierre;Marcelle Pierre
Nirsimloo_Ananda_Devi;Nirsimloo Ananda Devi
Monnin_Pascale;Monnin Pascale
Taurand_Jacques;Taurand Jacques
Vazemsky_Dimitri;Vazemsky Dimitri
Ton_That_Thanh_Van;Ton-That Thanh-Vân
Maurizi_Dominique;Maurizi Dominique
Lamy_Emilie;Lamy Émilie
Litradukt_Literatureditionen;litradukt Literatureditionen
Mellier_Fanette;Mellier Fanette
Genevieve_Gaillard_Vante;Geneviève Gaillard-Vanté
Genevieve_Gaillard;Geneviève Gaillard
Gary_Augustin;Gary Augustin
Alix_Dominique;Alix Dominique
Rene_Philoctete;René Philoctète
Marcel_Gilbert;Marcel Gilbert
Bibliotheque_Justin;Bibliothèque Justin
Fernand_Hibbert;Fernand Hibbert
Marie_Pescaye;Marie Pescaye
Raphael_Berrou;Raphaël Berrou
Editions_Caraibe;Éditions Caraïbe
Joubert_Joseph;Joubert Joseph
Frederick_Douglass;Frederick Douglass
Jose_Marti;José Martí
Monsieur_Roosevelt;Monsieur Roosevelt
Antoine_Simon;Antoine Simon
Yves_Chemla;Yves Chemla
Rodney_Saint_Eloi;Rodney Saint Éloi
Castera_Georges;Castera Georges
PeAn_Stanley;Péan Stanley
Magloire_Saint_Aude_Clement;Magloire-Saint-Aude Clément
Buteau_Pierre;Buteau Pierre
Benjamin_Franz;Benjamin Franz
Morali_Laure;Morali Laure
Agnant_Marie_Celie;Agnant Marie-Célie
加古_里子;加古 里子
Clermont_PeAn_Paula;Clermont Péan Paula
Price_Mars_Jean;Price-Mars Jean
Pierre_Claude;Pierre Claude
Memoire_D_Encrier_Montreal;Mémoire d'encrier Montreal
Maurice_Sixto;Maurice Sixto
Maurice_Alfredo_Sixto;Maurice Alfredo Sixto
Maria_Bourand;Maria Bourand
Alice_De_Vastey;Alice de Vastey
Pompee_Valentin_Vastey;Pompée Valentin Vastey
Baron_De_Vastey;Baron de Vastey
Henry_Christophe;Henry Christophe
Alfredo_Sixto;Alfredo Sixto
Adolphe_Sixto;Adolphe Sixto
Sacha_Guitry;Sacha Guitry
Stenio_Vincent;Sténio Vincent
Agence_Citadelle;Agence Citadelle
Attache_De_Presse;Attaché de Presse
Paul_Eugene_Magloire;Paul Eugène Magloire
Marie_Therese_Torchon;Marie Thérèse Torchon
Madame_Jackie_Kennedy;Madame Jackie Kennedy
Villa_Lea_Kokoye;Villa Léa Kokoye
Gertrude_Sejour;Gertrude Séjour
Albert_Einstein;Albert Einstein
Zabelbok_Berachat;Zabèlbòk Berachat
Ti_Sentaniz;Ti Sentaniz
Gwo_Moso;Gwo Moso
Madan_Jul;Madan Jul 
Pa_Nan_Betiz;Pa nan Betiz
Elie_Lescot;Élie Lescot
Dumarsais_Estime;Dumarsais Estimé 
Andre_Malraux;André Malraux
Me_Zabelbok;Me Zabèlbok
Georges_Anglade;Georges Anglade
Theodore_Beaubrun;Théodore Beaubrun
Jean_Gesner_Henry;Jean Gesner Henry
Koupe_Kloue;Koupe Kloue
Coupe_Cloue;Coupé Cloué
Maitre_Zabelbok;Maître Zabèlbok
Jean_Marie_Bourjolly;Jean-Marie Bourjolly
Marie_Bourjolly;Marie Bourjolly
Raphael_Confiant;Raphaël Confiant
Didier_Delerme;Didier Delerme
Adrien_Bance;Adrien Bance
Mimi_Barthelemy;Mimi Barthélémy
Barthelemy_Clementine;Barthélemy Clémentine
BartheLemy_Mimi;Barthélemy Mimi
Vif_Argent;Vif argent
Barthelemy_Gerard;Barthélemy Gérard
Henrys_Reynold;Henrys Reynold
Tamas_Serge;Tamas Serge
Besson_Olivier;Besson Olivier
BartheLeMy_ELodie;Barthélémy Élodie
Musidisc;Musidisc
Enfance_Et_Musique_Pantin_Seine_Saint_Denis;Enfance et musique Pantin Seine-Saint-Denis
Lacombe_Benjamin;Lacombe Benjamin
Rozevel_Jean_Baptiste;Rozevel Jean-Baptiste
Michele_Armand;Michèle Armand
Rafael_Murillo;Rafaël Murillo
Eduardo_Manet;Eduardo Manet
Mike_Griggs;Mike Griggs
Claude_Alranq;Claude Alranq
Emmanuel_Plassard;Emmanuel Plassard
Mistero_Buffo;Mistero Buffo
Dario_Fo;Dario Fo
Dominique_Lurcell;Dominique Lurcell
Nicolas_Buenaventura;Nicolas Buenaventura
Becker_D_Or;Becker d'Or
Lanctot_Mance;Lanctôt Mance
Wah_Bernard;Wah Bernard
Saint_Fleurant_Louisiane;Saint Fleurant Louisiane
Kako_Satoshi;Kako Satoshi
Durosier_Desrivieres_Jean;Durosier Desrivières Jean
Lanctt_Mance;Lanctt̥ Mance
Syto_Cave;Syto Cavé
Jean_Claude_Fignole;Jean Claude Fignolé
Victor_Gary;Victor Gary
Editions_Du_Seuil;Éditions du Seuil
Mars_Kettly;Mars Kettly
Antonin_Arnold;Antonin Arnold
Pineau_GiseLe;Pineau Gisèle
PePin_Ernest;Pépin Ernest
Maximin_Daniel;Maximin Daniel
LaferrieRe_Dany;Laferrière Dany
Claude_Fignole;Claude Fignolé
Beha_Philippe;Béha Philippe
Volcy_Marie_Michele_Amedee;Volcy Marie Michèle Amédée
Societe_Paroles;Société paroles
Societe_Paroles_Firme;Société Paroles Firme
VeZina_Michel;Vézina Michel
Soucy_Pierre_Yves;Soucy Pierre-Yves
Puana_Shan_Dak;Puana Shan Dak
PropheTe_Emmelie;Prophète Emmelie
Saint_John_Kauss;Saint-John Kauss
John_Nelson;John Nelson
Mathilde_Pierre;Mathilde Pierre
Hugues_Beauregard;Hugues Beauregard
Eugenio_Rasio;Eugenio Rasio
Ijaz_Aslam_Qureshi;Ijaz Aslam Qureshi
Guy_Chouinard;Guy Chouinard
Jacqueline_Beauge_Rosier;Jacqueline Beaugé Rosier
Reguigui_Ali;Reguigui Ali
Bouraoui_Hedi;Bouraoui Hédi
Cadet_Raymond;Cadet Raymond
Universite_D_Ottawa;Université d'Ottawa
Mentor_Cassandre;Mentor Cassandre
Jacqueline_Beauge;Jacqueline Beaugé
Max_Dorsinville;Max Dorsinville
Roger_Dorsinville;Roger Dorsinville
Max_H;Max H.
James_Wait;James Wait
Erzulie_Loves_Shango;Erzulie Loves Shango
Caliban_Without;Caliban Without
Don_Juan;Don Juan
Claude_Mckay;Claude McKay
Zora_Neale;Zora Neale
Arna_Bontemps;Arna Bontemps
Langston_Hughes;Langston Hughes
Des_Rosiers;Des Rosiers
Therese_Blanc;Thérèse Blanc
Dany_Laferriere;Dany Laferrière
Denise_Dupuis;Denise Dupuis
Elvire_Maurouard;Elvire Maurouard
Elvie_Jean;Elvie Jean
Michel_Lequenne;Michel Lequenne
Jeanne_Duval;Jeanne Duval
Editions_Karthala;Editions Karthala
Evelyne_Trouillot;Évelyne Trouillot
MatheUs_Mariann;Mathéus Mariann
Ulysse_Gina_Athena;Ulysse Gina Athena
MondeSir_Sophie;Mondésir Sophie
Henzell_Perry;Henzell Perry
Menard_Nadeve;Ménard Nadève
TeLeMaque_Herve;Télémaque Hervé
Herbeck_Jason;Herbeck Jason
Dapper_Editions;Dapper Editions
Coverdale_Linda;Coverdale Linda
Morisseau_Roland;Morisseau Roland
Dorsinville_Roger;Dorsinville Roger
Danticat_Edwidge;Danticat Edwidge
Gabriel_Imbert;Gabriel Imbert
Alexandre_Abellard;Alexandre Abellard
Francois_Latour;François Latour
Yanick_Jean;Yanick Jean
Jacques_Charlier;Jacques Charlier
Daniel_Huttinot;Daniel Huttinot
Robert_Large;Robert Large
Marie_Roumer;Marie Roumer
Kateb_Yacine;Kateb Yacine
Augusto_Boal;Augusto Boal
Gato_Barbieri;Gato Barbieri
Regine_Charlier;Régine Charlier
Cayotte_Bissainthe;Cayotte Bissainthe
Lyonel_Trouillot;Lyonel Trouillot
Richard_Narcisse;Richard Narcisse
Toto_Bissainthe;Toto Bissainthe
Simone_Schwarz;Simone Schwarz
Claude_Innocent;Claude Innocent
Emile_Ollivier;Émile Ollivier
MoiSe_Claude;Moïse Claude
Voyer_Brigitte;Voyer Brigitte
Manigat_Charles;Manigat Charles
Toupin_Louis;Toupin Louis
Universite_De_Montreal_Section_D_Andragogie;Université de Montréal Section d'andragogie
Sugden Leonard_W;Sugden Leonard W
Chalom_Maurice;Chalom Maurice
|Ying Chen ; RomancieRe_|;|Ying Chen ;  romancière|
Santolini_Arnaud;Santolini Arnaud
Association_Francophone_Pour_Le_Savoir_Acfas;Association francophone pour le savoir-Acfas
Geppert_Beata;Geppert Beata
Felix_Morisseau_Leroy;Félix Morisseau-Leroy
Felix_Morisseau;Félix Morisseau
Feliks_Moriso;Feliks Moriso
Dyakout_I;Dyakout I
Antigone_De_Sophocle;Antigone de Sophocle
Wa_Kreyon;Wa Kreyon
Serge_Legagneur;Serge Legagneur
Richard_Laforest;Richard Laforest
Gabriel_Garcia_Marquez;Gabriel García Márquez
Roland_Morisseau;Roland Morisseau
Anthony_Phelps;Anthony Phelps
Gerard Etienne_V;Gérard V. Étienne
Paul_Chamberland;Paul Chamberland
Raoul_Duguay;Raoul Duguay
Claude_Peloquin;Claude Péloquin
Nicole_Brossard;Nicole Brossard
Gaston_Miron;Gaston Miron
Casa_Pedro;Casa Pedro
Le_Bouvillon;Le Bouvillon
Patrick_Straham;Patrick Straham
Paul_Belanger;Paul Bélanger
Suzanne_Paradis;Suzanne Paradis
Pierre_Nepveu;Pierre Nepveu
Laurent_Mailhot;Laurent Mailhot
Speak_White;Speak White
Michele_Lalonde;Michèle Lalonde
Yves_Prefontaine;Yves Préfontaine
Coutecheve_Lavoie_Aupont;Coutechève Lavoie Aupont
Techelet_Nicholas;Téchelet Nicholas
Marc_Exavier;Marc Exavier
Jacques_Gougues;Jacques Gougues
Alix_Emera;Alix Emera
Berard_Cenatus;Bérard Cénatus
Mona_Guerin;Mona Guérin
Surena_Elsie;Suréna Elsie
Savary_Savannah;Savary Savannah
Camille_Duplessy;Camille Duplessy
Gontran_Rouzier;Gontran Rouzier
Mona_Rouzier;Mona Rouzier
Joseph_De_Cluny;Joseph de Cluny
Rose_De_Lima;Rose de Lima
Verly_Dabel;Verly Dabel
Bertrand_Aristide;Bertrand Aristide
Bonel_Auguste;Bonel Auguste
Antoine_Innocent;Antoine Innocent
Alexandre_Petion;Alexandre Pétion
Petion_Gerome;Pétion Gérôme
Tante_Rosalie;Tante Rosalie
Georges_–;Georges –
Vierge_Des_Miracles;Vierge des Miracles
Dieulermesson_Petit_Frere;Dieulermesson Petit Frère
Franck_Etienne;Franck Étienne
Ravine_Seche;Ravine Sèche
Vents_D_Ailleurs;Vents d’Ailleurs
Franck_Fouche;Franck Fouché
Pierre_Bernay;Pierre Bernay
Pelentet;Pèlentèt  
Michele_Amedee;Michèle Amédée
Michel_Place;Michel Place
History;History  
Bobomasouri;Bobomasouri  
Jean_Jonassaint;Jean Jonassaint
Suzanne_Comhaire_Sylvain;Suzanne Comhaire-Sylvain
Suzanne_Comhaire;Suzanne Comhaire
D_Eugenie_Malbranche;d’Eugénie Malbranche
Fables_De_La_Fontaine;Fables de La Fontaine
Yvonne_Sylvain;Yvonne Sylvain
Benito_Sylvain;Bénito Sylvain
Alfred_Metraux;Alfred Métraux
Jean_Comhaire;Jean Comhaire
Frederic_Marcelin;Frédéric Marcelin
Desormeaux_Daniel;Desormeaux Daniel
Sanon_Jean_Claude;Sanon Jean-Claude
Kenfack MicheLe_U;Kenfack Michèle U
Magloire_Saint_Aude;Magloire-Saint-Aude
Clement_Magloire;Clément Magloire
Stephane_Martelly;Stéphane Martelly
Francois_Leperlier;François Leperlier
Serge_Saint;Serge Saint
Joel_Des_Rosiers;Joël Des Rosiers
Metropolis_Opera;Métropolis Opéra
Athanase_David;Athanase David
Jean_Max_Calvin;Jean-Max Calvin
Max_Calvin;Max Calvin
Marie_Guilloux;Marie Guilloux
Gerard_Campfort;Gérard Campfort
Serge_Baguidy_Gilbert;Serge Baguidy Gilbert
Rony_Lescoufleur;Rony Lescoufleur
Eddy_Guery;Eddy Guéry
Maurice_Casseus;Maurice Casséus
Maurice Casseus_A;Maurice A. Casséus
Leon_Laleau;Léon Laleau
Annie_Desroy;Annie Desroy
Leon_Hoffmann;Léon Hoffmann
Claude_Servin;Claude Servin
Tambour_Racial;Tambour Racial
Michael Dash_J;J. Michael Dash
Carlos_St_Louis;Carlos St. Louis
Maurice Lubin_A;Maurice A. Lubin
Francois_Hoffmann;François Hoffmann
Lilas_Desquiron;Lilas Desquiron
Ministre_De_La_Culture;Ministre de la Culture
Jacques_Rey_Charlier;Jacques Rey Charlier
Etienne Charlier_D;Étienne D. Charlier
Ghislaine_Rey;Ghislaine Rey
Saint_Marc;Saint Marc
Lire_Charlier;Lire Charlier
Collectif_Parole;Collectif Parole 
Suzanne_Lipinska;Suzanne Lipinska
Alain_Kremski;Alain Kremski
Thierry_Destrez;Thierry Destrez
Rainer_Maria_Rilke;Rainer Maria Rilke
Dominique_Batraville;Dominique Batraville
Mesadieu_Anne_Louise;Mesadieu Anne-Louise
Delorme_Verlus;Delorme Verlus
Najman_Charles;Najman Charles
Pauvros_Jean_FrancOis;Pauvros Jean-François
ETang Gerry_L;L'Étang Gerry
Idier_Nicolas;Idier Nicolas
Milce_Jean_Euphele;Milcé Jean-Euphèle
Salien_JoeL;Salien Joël
Saint_ELoi_Rodney;Saint-Éloi Rodney
Gohier_ERic;Gohier Éric
Girbig_Catherine;Girbig Catherine
Ghoula_Sarah;Ghoula Sarah
Dabakh_Kane_El_Hadji_Abdoul_Aziz;Dabakh Kane El Hadji Abdoul Aziz
Guy_Regis;Guy Régis
Woods_Paolo;Woods Paolo
Robert_Arnaud;Robert Arnaud
Hamadi;Hamadi
Dumont Luc 19_;Dumont Luc 19-
Camus_Albert;Camus Albert
Cary_Hector;Cary Hector
Gens_De_Dakar;Gens de Dakar
De_Fatras;De Fatras
Weber_Lahens;Weber Lahens
Jean_Fouchard;Jean Fouchard
Kettly_Mars;Kettly Mars
Schmutte_Ingeborg;Schmutte Ingeborg
Kaas_Marianne;Kaas Marianne
Tremblay_Jennifer;Tremblay Jennifer
Ferandon_Max;Férandon Max
PeAn_Leslie_Jean_Robert;Péan Leslie Jean-Robert
PeAn Leslie Leslie Jean Robert_J R;Péan Leslie J R Leslie Jean-Robert
Mercure_De_France;Mercure de France
Rudman_Sean;Rudman Sean
Piazza_Francois;Piazza François
Ollivier_Emile;Ollivier Émile
Chemla_Yves;Chemla Yves
Raymond_Chassagne;Raymond Chassagne
Henri_Odeide;Henri Odéide
Edouard_Glissant;Édouard Glissant
Boris_Chassagne;Boris Chassagne
Joelle_Vitiello;Joëlle Vitiello
Recommencer_Paule;Recommencer Paule
Helene_Cixous;Hélène Cixous
Monique_Wittig;Monique Wittig
Ida_Faubert;Ida Faubert
Brancour_Rene;Brancour René
Dominique_Pierre;Dominique Pierre
Autezac Leo D 18 19 Compositeur_;Autezac Léo d' 18-19 compositeur
Vignaud_Jean;Vignaud Jean
Lysius_Salomon;Lysius Salomon
Ida_Salomon_Faubert;Ida Salomon Faubert
Christine_Jeanney;Christine Jeanney
Vincent Stenio Pres Haiti_;Vincent Sténio  pres Haiti
Chauvigny_Louis_De;Chauvigny Louis de
Fouchard_Jean;Fouchard Jean
Fabry_Claude;Fabry Claude
Etienne_GeRard;Etienne Gérard
Carrie_Pierre;Carrié Pierre
Ladoo_Harold_Sonny;Ladoo Harold Sonny
Child_Lauren;Child Lauren
Poulin_Stephane;Poulin Stéphane
Flouriot_Marie;Flouriot Marie
Quebec_Province_Assemblee_Nationale;Québec Province Assemblée nationale
Lamontagne_Francois;Lamontagne François
Duroseau_Conrad;Duroseau Conrad
Michaud_Nando;Michaud Nando
Etzer_Vilaire;Etzer Vilaire
Pompilus_Pradel;Pompilus Pradel
Fardin_Dieudonne;Fardin Dieudonné
Brutus TimoleOn_C;Brutus Timoléon C
Cauvin_Paul;Cauvin Paul
Cauvin Paul_L;Cauvin L. Paul
Jean_Marc_Pasquet;Jean Marc Pasquet
Huet_Gaetan;Huet Gaëtan
Avrillier_Raymond;Avrillier Raymond
Kerambrun_JeRoMe;Kerambrun Jérôme
Centre_D_Eco_Developpement_&_D_Initiative_Sociale_France;Centre d'éco-développement & d'initiative sociale France
Brunel_Laurence;Brunel Laurence
Maggy_Belin_Biais;Maggy Belin Biais
Maggy_Belin;Maggy Belin
Josaphat_Robert_Large;Josaphat-Robert Large
Pierre_Buteau;Pierre Buteau
Michel_Acacia;Michel Acacia
Jean_Metellus;Jean Métellus
Sauvageot_BeAtrice;Sauvageot Béatrice
Fleurimond_Wiener_Kerns;Fleurimond Wiener Kerns
Migeot_Alvarado_Judith;Migeot-Alvarado Judith
Naudillon_Francoise;Naudillon Françoise
RoseS_Annie;Rosès Annie
Noiret_GeRard;Noiret Gérard
Mouchard_Claude;Mouchard Claude
Firmin_AnteNor;Firmin Anténor
Couture_Ghislaine;Couture Ghislaine
Defives_Eyoum_Isabelle;Defives-Eyoum Isabelle
Saussy_Haun;Saussy Haun
Jacobs_Marjolijn;Jacobs Marjolijn
Grosjean_Jean;Grosjean Jean
Maurice_Nadeau;Maurice Nadeau
Leopold_Sedar_Senghor;Léopold Sédar Senghor
Jean_Robert_Leonidas;Jean Robert Léonidas
Michaud_Frantz;Michaud Frantz
Cidihca;CIDIHCA
Tirole_HeLeNe;Tirole Hélène
Jacopin_Jean_Louis;Jacopin Jean-Louis
Centre_International_De_Documentation_Et_D_Information_Haitienne_Caraibeenne_Et_Afro_Canadienne;Centre International de Documentation et d'information Haïtienne Caraïbéenne et Afro-canadienne
Robert_Leonidas;Robert Léonidas
Jean Prophete_L;Jean L. Prophète
Hugues_St;Hugues St
Jessica_Fievre;Jessica Fièvre
Gary_Victor;Gary Victor
Emilie_Franz;Émilie Franz
Michel_Monnin;Michel Monnin
Calixte_Henri;Calixte Henri
Carlo_Jean;Carlo Jean
Marie_Drot;Marie Drot
Louis_Blaise;Louis Blaise
Roosevelt_Sanon;Roosevelt Sanon
Jean_Price_Mars;Jean Price Mars
Cornevin_Robert;Cornevin Robert
Victor_Rene;Victor René
Remponeau_Georges;Remponeau Georges
Laferriere_Dany;Laferrière Dany
Soukar_Michel;Soukar Michel
Lafond_Jean_Daniel;Lafond Jean Daniel
Lespinasse_Pierre_Eugene_De;Lespinasse Pierre Eugène de
Presence_Africaine_Editions;Présence africaine éditions
Homel_David;Homel David
Normandin_FreDeRic;Normandin Frédéric
Thill_Beate;Thill Beate
Magnier_Bernard;Magnier Bernard
Goldberg_Vicki;Goldberg Vicki
Giszczak_Jacek;Giszczak Jacek
Zimbel George_S;Zimbel George S
Van_De_Poel_Chris;Van de Poel Chris
Zimbel Elaine Sernovitz_A;Zimbel Elaine A Sernovitz
Cantet_Laurent;Cantet Laurent
Editions_Bernard_Grasset;Éditions Bernard Grasset
Moreira_Heloisa;Moreira Heloisa
박명숙;박명숙
Sanchez_Panos_Inigo;Sánchez-Paños Íñigo
Serrat_Crespo_Manuel;Serrat Crespo Manuel
Gasner_Raymond;Gasner Raymond
Christophe_Charles;Christophe Charles
Philippe_Thoby_Marcelin;Philippe Thoby Marcelin
Marcelin_Pierre;Marcelin Pierre
Rhodes Peter_C;Rhodes Peter C
Tinker_Edward_Larocque;Tinker Edward Larocque
Wright_Harold;Wright Harold
Williams_Miller;Williams Miller
Untermeyer_Louis;Untermeyer Louis
Tate_Allen;Tate Allen
Tanikawa_Shuntaro;Tanikawa Shuntarō
Smith_William_Jay;Smith William Jay
Degrave_Philippe;Degrave Philippe
Marie_Vieux_Chauvet;Marie Vieux Chauvet
Constant_Vieux;Constant Vieux
Delia_Nones;Delia Nones
Marie_Vieux;Marie Vieux
Aymon_Charlier;Aymon Charlier
Pierre_Chauvet;Pierre Chauvet
Brun_Ricot;Brun Ricot
Seymour_Pradel;Seymour Pradel
Marie_Chauvet;Marie Chauvet
Vincent_Oge;Vincent Ogé
Ted_Proudfoot;Ted Proudfoot
Claude_Duvalier;Claude Duvalier
Emina_Soleil;Emina Soleil
Suzanne_Rinne;Suzanne Rinne
Joan_Dayan;Joan Dayan
Paul_Rivet;Paul Rivet
Nicolas_Guillen;Nicolás Guillén
Myrtha;Myrtha  
Nicolas_Geffrard;Nicolas Geffrard
Baptiste_Cineas;Baptiste Cinéas
Andre Chevallier_F;André F. Chevallier
Luc_Grimard;Luc Grimard
Robert_Berrouet_Oriol;Robert Berrouët Oriol
Saint_Fort_Hugues;Saint-Fort Hugues
John_Valerie;John Valérie
Fournier_Robert;Fournier Robert
CothieRe_Darline;Cothière Darline
Turi Joseph_G;Turi Joseph-G
Fattier_Dominique;Fattier Dominique
Desrivieres_Jean_Durosier;Desrivières Jean Durosier
Corbeil_Jean_Claude;Corbeil Jean-Claude
Jean_Claude_Charles;Jean Claude Charles
Meunier_Jacques;Meunier Jacques
Campfort_GeRard;Campfort Gérard
Pivin_Jean_Loup;Pivin Jean-Loup
Pessini_Alba;Pessini Alba
Njami_Simon;Njami Simon
Martin_Saint_Leon_Pascal;Martin Saint-Léon Pascal
Bloncourt_Gerald;Bloncourt Gérald
Telemaque_Herve;Télémaque Hervé
Pineau_Gisele;Pineau Gisèle
Claude_Charles;Claude Charles
Louis_Philippe_Dalembert;Louis Philippe Dalembert
Damoison_David;Damoison David
Trier_Peter;Trier Peter
Mccormick Robert_H;McCormick Robert H
Editions_Du_Rocher;Éditions du Rocher
Gary_Romain;Gary Romain
Philippe_Dalembert;Philippe Dalembert
David_Damoison;David Damoison
Laennec_Hurbon;Laënnec Hurbon
Fabienne_Pasquet;Fabienne Pasquet
Actes_Sud;Actes Sud
Patrick_Defossez;Patrick Défossez
Anne_De_Baecker;Anne de Baecker
Charles_Baudelaire;Charles Baudelaire
Heinrich_Von_Kleist;Heinrich von Kleist
Gerard_Etienne;Gérard Étienne
Gerard_Vergniaud_Etienne;Gérard Vergniaud Étienne
Paul Magloire_E;Paul E. Magloire
Luc Innocent_B;Luc B. Innocent
Windsor Laferriere_K;Windsor K. Laferrière
Jean_Euphele_Milce;Jean Euphèle Milcé
Orcel_Makenzy;Orcel Makenzy
Moncrieff_Christopher;Moncrieff Christopher
JourneE_De_ReFlexion_Sur_"Un_Leadership_GonaiVien_Pour_Un_DePartement_En_ProgreS"_2011_:_GonaiVes_Haiti;Journée de réflexion sur "Un leadership Gonaïvien pour un département en progrès" 2011 : Gonaïves Haiti
Amisial_Jean_Osner;Amisial Jean Osner
Douge_Patrice;Dougé Patrice
Corsini_Silvio;Corsini Silvio
Bibliotheque_Cantonale_Et_Universitaire_Lausanne;Bibliothèque cantonale et universitaire Lausanne
Bernard_Campiche_Editeur;Bernard Campiche Éditeur
Euphele_Milce;Euphèle Milcé
Davertige;Davertige
Villard_Denis;Villard Denis
Aristhene_Denis;Aristhène Denis
Jeanne_Fequiere;Jeanne Féquière
Colbert_Bonhomme;Colbert Bonhomme
Du_Bellay;Du Bellay
Simon_Bolivar;Simon Bolivar
Van_Gogh;Van Gogh
Philippe_Lerebours;Philippe Lerebours
Auguste_Thenor;Auguste Thénor
Jacques_Gabriel;Jacques Gabriel
Roland_Dorcely;Roland Dorcély
Michel_Leiris;Michel Leiris
Jacques_Duvieulla;Jacques Duvieulla
Issa_El_Saieh;Issa El Saieh
Guy_Dallemand;Guy Dallemand
John_Perse;John Perse
Gontran_Damas;Gontran Damas
Maurice_Lubin;Maurice Lubin
Alain_Bosquet;Alain Bosquet
Eugenie_Galperina;Eugénie Galpérina
Art_D_Haiti;Art d’Haïti
Leon_Chalom;Léon Chalom
Pierre_Emmanuel;Pierre Emmanuel
Andre_Laude;André Laude
Gerard_Aubourg;Gérard Aubourg
Daniel_Arty;Daniel Arty
Claude Garo_O;Claude O’Garo
Farh_Fred;F.A.R.H. Fred
Reneld_Baptiste;Reneld Baptiste
Herard_Jadotte;Hérard Jadotte
Edwidge_Danticat;Edwidge Danticat
Barnard_College;Barnard College
Brown_University;Brown University
Maxine_Hong_Kingston;Maxine Hong Kingston
Toni_Morrison;Toni Morrison
Oprah_Winfrey;Oprah Winfrey
Patricia_Benoit;Patricia Benoit
Jonathan_Demme;Jonathan Demme
Create_Dangerously;Create Dangerously
Marie_Soeurette_Mathieu;Marie Soeurette Mathieu
Nyari_Corinne;Nyari Corinne
Ti_Ga;Ti-Ga
PhilocteTe_Rene;Philoctète René
Ignace_Nau;Ignace Nau
Auguste_Ignace;Auguste Ignace
Pierre_Nau;Pierre Nau
Jonathas_Granville;Jonathas Granville
Pierre_Boyer;Pierre Boyer
Emile_Nau;Émile Nau
Beaubrun_Ardouin;Beaubrun Ardouin
Le_Lambi;Le Lambi
R_Dumas;R. Dumas
J_Tatin;J. Tatin
Marie_Robin;Marie Robin
Ignace_Nau »;Ignace Nau »
Marie_Ursule_Belizaire;Marie Ursule Bélizaire
Anderson_Dovilas;Anderson Dovilas
Roussan_Camille;Roussan Camille
Debray_Gabriel;Debray Gabriel
Gaye_Amadou;Gaye Amadou
Dadie_Bernard_Binlin;Dadié Bernard Binlin
Tirolien_Guy;Tirolien Guy
TeZe_SeBastien;Tézé Sébastien
Senghor_Leopold_Sedar;Senghor Léopold Sédar
Piquion_Rene;Piquion René
Metellus_Jean;Métellus Jean
Hippolite_GeRard;Hippolite Gérard
Hipppolite_GeRard;Hipppolite Gérard
Marc Exavier_K;Marc K. Exavier
Louis_Du_Nord;Louis du Nord
Ileus_Papillon;Iléus Papillon
Sosyete_Koukouy_Ayiti;Sosyete Koukouy Ayiti
Bibliotheque_Araka;Bibliothèque Araka
Stephanie_Francois;Stéphanie François
Valery_Numa;Valéry Numa
Darly_Valet;Darly Valet
Jean_Monard_Metellus;Jean Monard Métellus
Edwidge_Alfonce_Marc;Edwidge Alfonce Marc
Mabanckou_Alain;Mabanckou Alain
ZePhyr_Brunatche;Zéphyr Brunatche
Rezeau_Marie_Florance;Rezeau Marie-Florance
Lefevre_Ricardo;Lefevre Ricardo
Silva_Francisco_Silva;Silva Francisco Silva
Lydie_Nunez;Lydie Nuñez
Agathon_Ii;Agathon II
Charlemagne_Peralte;Charlemagne Péralte
Roger_Sainclair;Roger Sainclair
Gaude_De_Senneville;Gaude de Senneville
Florecita_Miguel;Florecita Miguel
Theodore_Baker;Théodore Baker
Andre_Maurois;André Maurois
General_Magloire;général Magloire
Albert_Mangones;Albert Mangonès
General_De_Gaulle;Général de Gaulle
Sekou_Toure;Sékou Touré
Jacqueline_Scott;Jacqueline Scott
Toubab_Dielaw;Toubab Dielaw
Amelie_Cherie;Amélie Chérie
Christophe_Colomb;Christophe Colomb
Bois_Caiman;Bois Caïman
Toubab_Dialaw;Toubab Dialaw
Pierre_Clitandre;Pierre Clitandre
Marcus_Garcia;Marcus Garcia
Elsie_Etheart;Elsie Ethéart
Gregoire_Eugene;Grégoire Eugène
Jean_Dominique;Jean Dominique
Eddy_Arnold;Eddy Arnold
Demain_Hebdo;Demain Hebdo
Dalembert_Louis_Philippe;Dalembert Louis-Philippe
Bohin_Cviklinski_CeLia;Bohin-Cviklinski Célia
Pignon_Ernest_Ernest;Pignon-Ernest Ernest
Loze_Marie_BeNeDicte;Loze Marie-Bénédicte
Heber_SchaRer_Barbara;Heber-Schärer Barbara
Baron_Amelie;Baron Amélie
Steinitz_Claudia;Steinitz Claudia
Wydawnictwo_Karakter;Wydawnictwo Karakter
Universite_Du_Quebec_A_Montreal_Groupe_D_Etudes_Et_De_Recherches_Critiques_D_Espace;Université du Québec à Montréal Groupe d'études et de recherches critiques d'espace
Universite_De_Montreal_Centre_De_Recherches_Caraibes;Université de Montréal Centre de recherches caraïbes
Levy_Joseph_Josy;Lévy Joseph Josy
Yunen_Rafael_Emilio;Yunén Rafael Emilio
Universidad_Catolica_Madre_Y_Maestra;Universidad Católica Madre y Maestra
Wade_Sidney;Wade Sidney
Uzunbay_Zeynep;Uzunbay Zeynep
Universite_Du_Quebec_A_Montreal;Université du Québec à Montréal
Universite_Laval_Quebec_Canada_Groupe_D_Etudes_Et_De_Recherches_Critiques_D_Espace;Université Laval Québec Canada Groupe d'études et de recherches critiques d'espace
Mcconnell_Anne_Pease;McConnell Anne Pease
University_Of_Western_Ontario_Department_Of_Computer_Science;University of Western Ontario Department of Computer Science
Boisrond_Tonnerre;Boisrond-Tonnerre
Louis_Felix_Mathurin_Boisrond;Louis Félix Mathurin Boisrond
Mathurin_Boisrond;Mathurin Boisrond
Louis_Boisrond;Louis Boisrond
Francois_Boisrond;François Boisrond
Joseph_Saint;Joseph Saint
Edrick_Richemond;Edrick Richemond
Yanick_Lahens;Yanick Lahens
Himmelreich_Jutta;Himmelreich Jutta
Fohlen_Corentin;Fohlen Corentin
Wilson_Betty;Wilson Betty
Seveno_Caroline;Seveno Caroline
Pepin_Ernest;Pépin Ernest
Moomou_Jean;Moomou Jean
Stiftung_Fur_Die_Photographie_Svycarsko;Stiftung für die Photographie Švýcarsko
Jan_Jdominique;Jan J.Dominique
Duccha;Duccha
Duckens_Charitable;Duckens Charitable
Philippa_Wehle;Philippa Wehle
Martin Segal Theatre Centre_E;Martin E. Segal Theatre Centre
Denise_Bernhardt;Denise Bernhardt
Maggy_De_Coster;Maggy de Coster
Edgar_Gousse;Edgar Gousse
Karl_Popper;Karl Popper
Fondasyon_Konesans_Ak_Libete;Fondasyon Konesans ak Libète
Oswald_Durand;Oswald Durand
Sauray_ERic;Sauray Éric
Pompilus_Pradel_1913?_2000;Pompilus Pradel 1913?-2000
Sauray_Ketty;Sauray Ketty
Demaison_Andre;Demaison André
Edris_Saint_Amand;Édris Saint Amand
BeLance_Rene;Bélance René
Hatier;Hatier
Marie_Alice_Theard;Marie Alice Théard
